label;mean_1;std_1;min_1;max_1;med_1;kur_1;ske_1;perc25_1;perc75_1;mean_2;std_2;min_2;max_2;med_2;kur_2;ske_2;perc25_2;perc75_2;mean_3;std_3;min_3;max_3;med_3;kur_3;ske_3;perc25_3;perc75_3;mean_4;std_4;min_4;max_4;med_4;kur_4;ske_4;perc25_4;perc75_4;mean_5;std_5;min_5;max_5;med_5;kur_5;ske_5;perc25_5;perc75_5;mean_6;std_6;min_6;max_6;med_6;kur_6;ske_6;perc25_6;perc75_6;mean_7;std_7;min_7;max_7;med_7;kur_7;ske_7;perc25_7;perc75_7;mean_8;std_8;min_8;max_8;med_8;kur_8;ske_8;perc25_8;perc75_8;mean_9;std_9;min_9;max_9;med_9;kur_9;ske_9;perc25_9;perc75_9;mean_10;std_10;min_10;max_10;med_10;kur_10;ske_10;perc25_10;perc75_10;mean_11;std_11;min_11;max_11;med_11;kur_11;ske_11;perc25_11;perc75_11;mean_12;std_12;min_12;max_12;med_12;kur_12;ske_12;perc25_12;perc75_12;mean_13;std_13;min_13;max_13;med_13;kur_13;ske_13;perc25_13;perc75_13
0.0;-0.78182;0.12931;-0.55611;-0.16650;2.29862;15.02563;8.39375;0.95272;0.12527;-0.29229;-2.93127;1.36599;-3.13301;0.08287;0.11892;0.09201;0.07517;1.21194;4.58536;2.18170;0.26168;0.15349;0.15282;41.79214;37.69026;60.29579;-0.93475;-0.23889;-0.77380;-0.48737;0.11226;0.00480;0.69503;0.11621;-0.83398;-0.69189;-102.00000;-164.68750;-344.93750;-0.42950;0.47174;-0.20892;-0.05969;7.53577;17.99154;13.10507;2.37451;1.32568;0.45703;466.18750;100.12500;132.43750;-0.80731;0.12851;-0.56284;-0.15637;2.15632;16.78043;8.68443;0.90601;0.12573;-0.30054;-3.75000;2.06250;-2.56250;5.87406;2.54505;3.02757;3.33697;4.62088;3.53981;4.33276;10.38447;13.42695;1.27138;54.97970;3.87802;10.57723;2.14908;-0.30701;0.87010;-1.47384;1.82967;-2.23063;-2.10761;2.27302;1.64574;0.64982;5.44766;-0.79002;-2.25718;-0.82495;0.08394;-0.59991;-0.19763;1.63176;15.58377;8.26360;0.85620;0.04016;-0.40051;-17.14062;-12.98438;-13.79688;-0.76360;0.17699;-0.51271;-0.11128;2.64625;17.38361;9.59611;0.97278;0.17712;-0.20471;7.67188;12.07812;15.60938
0.0;-0.78825;0.09692;-0.53453;-0.16114;2.71421;13.10368;8.60946;0.92940;0.18688;-0.31085;-0.34327;2.76276;-7.18407;0.08808;0.16139;0.11446;0.10374;1.42889;6.22010;2.45584;0.30500;0.27280;0.17570;83.56191;44.34340;71.40362;-0.93402;-0.46790;-0.78888;-0.42468;0.22484;0.00093;0.61246;0.29443;-0.79150;-0.84375;-323.56250;-196.37500;-361.68750;-0.45416;0.49542;-0.16339;0.19586;7.45359;17.98980;17.62442;2.94092;2.12646;0.18506;604.62500;184.43750;178.93750;-0.80914;0.10358;-0.55188;-0.15979;2.34072;16.10534;8.93057;0.88721;0.13574;-0.32520;-3.18750;-1.87500;-5.37500;2.89496;2.25617;0.51779;1.67339;1.03701;-0.03754;2.69986;9.99946;15.19566;0.07293;20.37943;5.57488;6.35001;1.52838;-0.83840;0.62793;0.90339;1.05236;-1.31193;-1.10595;2.35179;2.67663;0.28998;2.95105;0.71937;-1.32043;-0.83102;0.01947;-0.60110;-0.24255;1.82927;14.42597;7.73203;0.76221;0.02441;-0.42358;-22.65625;-11.96875;-26.40625;-0.75775;0.19293;-0.46744;-0.10336;3.41160;17.12692;9.80469;1.00244;0.30298;-0.21069;13.15625;11.03125;16.62500
0.0;-0.70188;0.02932;-0.49433;-0.07834;2.59184;13.76158;8.77273;0.92646;0.10380;-0.32650;1.29087;0.13472;0.17783;0.16914;0.39081;0.13628;0.23700;1.14165;6.24408;3.78920;0.25086;0.19250;0.20253;49.30702;39.49738;54.98487;-0.91724;-0.88086;-0.82782;-0.57318;0.13785;0.00105;0.24116;0.25488;-0.43359;-1.13232;-182.25000;-220.37500;-367.12500;-0.17578;0.76556;-0.19110;0.36938;6.80262;17.99690;17.80724;2.70801;1.12842;0.62695;361.12500;106.00000;221.43750;-0.76010;0.04129;-0.50443;-0.06564;2.47776;16.87690;9.09757;0.90112;0.08350;-0.35010;-4.34375;1.81250;-2.09375;0.36593;-0.23917;-0.12424;-0.61742;1.60754;0.31033;-0.28892;11.88685;1.88951;5.25865;9.03729;3.54967;10.71804;1.15286;-0.04901;0.07065;-0.14477;0.95443;-1.44359;-0.08647;2.18565;0.57299;1.54761;1.60311;-0.70793;-1.17390;-0.83318;-0.18602;-0.57437;-0.23096;1.92484;15.28181;6.19909;0.79675;-0.01025;-0.44775;-25.51562;-18.90625;-21.82812;-0.60573;0.19296;-0.41420;0.08018;3.09503;17.57250;11.15573;1.03577;0.20862;-0.24756;23.76562;21.90625;23.09375
0.0;0.39096;-0.55899;-0.51420;-0.45915;15.68179;11.60420;12.05378;-0.98820;0.20794;-0.01280;-0.93070;0.31193;1.37500;0.11878;0.10514;0.12365;0.13818;1.75815;3.12998;6.29171;0.38258;0.25997;0.17835;42.75526;29.94724;117.67866;0.02228;-0.77716;-0.65802;-0.81097;10.86723;3.28483;0.04203;-2.95215;-0.77295;-1.09229;-332.56250;-84.68750;-294.87500;0.57782;-0.34125;-0.08081;-0.13031;17.78622;17.13413;17.99522;-0.26611;1.73682;0.48145;272.81250;115.75000;434.56250;0.42731;-0.50897;-0.56433;-0.48022;16.54374;11.77480;16.06501;-0.95996;0.15137;0.03223;0.56250;1.06250;1.12500;2.16875;-0.68390;3.74595;0.79787;0.72389;0.37865;-0.85380;8.00310;5.03011;7.26760;18.00539;3.07721;2.45299;-1.66159;-0.47341;2.07881;-0.21207;-1.33793;-1.11297;-0.89545;-2.24170;0.80865;-1.86219;-1.27159;0.59968;0.15331;0.40952;-0.65488;-0.57935;-0.49133;15.26162;11.50964;8.34716;-1.03247;0.12134;-0.10181;-8.31250;-10.00000;-7.21875;0.43961;-0.50067;-0.49216;-0.37378;16.87607;13.82174;16.43344;-0.82031;0.28931;0.11206;13.62500;11.84375;33.37500
0.0;-0.82949;0.07167;-0.45542;-0.20940;3.71816;14.80949;8.92050;0.77258;0.26811;-0.43520;-1.00034;-0.17713;0.19033;0.08286;0.14275;0.14051;0.09305;2.02079;4.90219;1.69315;0.31857;0.28269;0.17534;27.16605;32.25451;54.44795;-0.92517;-0.20117;-0.73981;-0.42053;0.02003;0.00124;1.41149;-0.18018;-0.75781;-1.21289;-132.18750;-177.37500;-346.93750;-0.37610;0.56702;-0.21436;-0.02307;7.02476;17.99381;15.18692;2.38281;1.20361;0.04004;272.93750;115.06250;199.12500;-0.82526;0.08633;-0.51794;-0.17609;2.62512;16.24452;9.18850;0.86963;0.18750;-0.42822;-0.90625;-0.18750;1.43750;10.24158;0.81903;-1.27342;-1.16629;-1.48640;4.08446;7.79876;3.76782;-0.21715;0.16313;13.85033;4.34305;12.74972;2.57984;0.58597;0.24426;-0.37713;0.35290;-2.38666;-2.06112;0.64662;0.53080;-0.23892;1.10917;-0.57054;-1.40128;-0.89284;-0.06393;-0.55957;-0.30574;2.04702;15.67214;8.17900;0.46960;0.04297;-0.57520;-12.71875;-12.51562;-11.51562;-0.79300;0.17055;-0.29921;-0.14246;6.15505;17.21050;9.96787;0.94287;0.52344;-0.29919;11.04688;10.98438;12.93750
0.0;0.34010;-0.62843;-0.50734;-0.40586;15.55588;13.82846;4.25095;-0.87048;0.32391;-0.10122;1.77412;2.97788;-1.18100;0.15943;0.09725;0.12281;0.13193;1.73406;1.98702;6.71933;0.21848;0.22522;0.17656;45.10807;36.82211;57.87251;-0.19116;-0.87018;-0.73907;-0.67511;9.60728;3.91313;0.01930;-2.00830;-0.82422;-1.04004;-159.75000;-268.18750;-209.43750;0.57703;-0.41571;-0.09717;0.01978;17.93452;16.45133;17.99653;0.05273;1.83594;0.42725;185.43750;203.06250;155.93750;0.37115;-0.61255;-0.52881;-0.40588;16.33315;14.08431;0.57513;-0.92480;0.26318;-0.05737;1.96875;2.87500;5.96875;1.53572;-0.55682;1.06436;1.01254;1.68583;15.81478;-0.22329;3.17705;5.87491;5.27674;3.15734;25.77751;3.10250;-1.27327;-0.19166;0.96754;0.73966;-1.47018;-3.90524;1.28473;0.34215;0.93714;-1.53784;0.05890;-2.33739;-0.85522;0.26031;-0.69882;-0.57759;-0.49661;14.70601;13.77074;0.28302;-0.97461;0.20703;-0.19055;-14.73438;-5.50000;-14.06250;0.46539;-0.55505;-0.46613;-0.35327;16.62664;14.57066;3.02079;-0.76440;0.42859;-0.00415;19.20312;12.06250;20.93750
0.0;0.32776;-0.65255;-0.51400;-0.34842;14.60043;13.38536;7.39619;-0.82555;0.39495;-0.18964;2.01581;5.77206;-0.45218;0.17232;0.13609;0.11069;0.14408;2.28148;3.57757;7.88039;0.42430;0.29652;0.22203;52.34889;53.86449;77.24221;0.01593;-0.88336;-0.78137;-0.88824;9.55484;0.01002;0.00046;-3.71631;-0.98193;-1.46191;-385.37500;-167.25000;-225.93750;0.61249;-0.34100;-0.07593;-0.04242;17.90663;17.99146;17.99733;-0.00635;1.89404;0.49707;293.75000;448.43750;443.68750;0.40912;-0.61060;-0.53510;-0.38440;15.93695;14.11571;2.98170;-0.90381;0.28223;-0.11426;-0.43750;1.18750;-0.43750;-1.48712;-1.11252;2.83528;1.65115;-1.35669;6.29568;-1.65429;12.93711;1.60304;3.60632;14.50195;25.74033;6.52591;-0.27227;-0.21229;0.90118;-0.66387;-0.48464;-2.58865;0.47460;-2.51463;0.18506;-1.11453;-0.30820;3.41047;0.69823;0.13080;-0.82950;-0.56592;-0.43344;12.14100;13.66423;0.62300;-0.94995;0.22632;-0.39722;-7.25000;-8.34375;-15.78125;0.47141;-0.54880;-0.48141;-0.23105;16.53006;14.99006;17.74614;-0.49048;0.69580;-0.04346;6.37500;12.21875;15.68750
0.0;-0.78291;0.11481;-0.55802;-0.14746;2.33065;12.61343;8.27955;0.94200;0.11853;-0.30248;-2.27529;3.01146;-2.24807;0.08799;0.12854;0.09444;0.08741;1.20713;6.69398;2.42279;0.25160;0.16543;0.16944;38.83110;43.03177;56.15879;-0.88721;-0.22925;-0.77539;-0.38831;0.43503;0.00311;0.14628;0.04199;-0.39746;-0.74658;-101.68750;-148.31250;-363.43750;-0.45227;0.49670;-0.28418;0.05084;6.41100;17.99857;17.84366;2.33984;0.86133;0.55127;204.87500;169.75000;138.12500;-0.80566;0.08978;-0.56610;-0.15137;2.06208;16.26614;8.85374;0.88916;0.09766;-0.30322;-6.37500;-1.43750;0.62500;3.59634;1.61857;0.23830;-0.02031;0.63150;-0.74915;3.77164;8.87100;0.65768;0.99236;6.96646;4.34542;14.82393;1.75463;0.53577;0.29876;-0.08650;0.89969;-1.04547;-1.09815;2.05919;0.52777;0.52489;1.79322;0.67989;-2.76977;-0.84229;0.04593;-0.61951;-0.19693;1.33445;5.06680;7.66366;0.82324;0.00928;-0.45752;-20.46875;-13.18750;-16.93750;-0.74768;0.17691;-0.50098;-0.08197;3.02099;17.06676;9.44307;0.99512;0.23364;-0.18970;8.12500;13.93750;20.71875
0.0;-0.41307;0.48782;0.61918;0.35548;15.30492;11.37203;12.44667;-0.92664;0.25204;0.10092;1.70237;-0.15214;-0.85306;0.13588;0.11309;0.12825;0.18407;2.41084;2.56935;6.66842;0.36511;0.24104;0.20178;35.75091;36.76353;117.59727;-0.59851;0.24182;0.15924;-0.22723;6.37057;1.07911;0.00874;-2.59717;-0.97314;-0.32080;-172.31250;-106.87500;-355.87500;0.10706;0.75378;0.80389;0.79187;17.97725;17.36887;17.99107;0.27100;1.17432;0.73242;116.00000;146.87500;438.06250;-0.45160;0.45978;0.63538;0.38885;16.26381;11.98279;16.37354;-0.94775;0.20068;0.10889;-2.68750;-0.81250;6.56250;3.99147;0.31804;3.39681;1.47168;2.98289;2.72584;-0.81372;6.47936;2.81336;1.00838;2.98845;2.95832;2.73048;2.02270;0.50117;-1.49938;-0.67841;-1.78115;-1.67109;-0.96894;-0.57615;0.20292;0.84095;0.06067;0.86357;-0.10736;-0.49231;0.44373;0.58203;0.29144;14.68373;10.78721;8.60997;-0.97705;0.13037;-0.00195;-15.00000;-14.31250;-33.18750;-0.40051;0.52948;0.66577;0.44360;16.96762;13.14794;17.25636;-0.84619;0.35840;0.13477;15.50000;6.56250;47.43750
0.0;0.38460;-0.63480;-0.51070;-0.34478;14.85581;13.74712;3.25396;-0.88739;0.33741;-0.19955;-0.22471;6.28841;0.10472;0.11701;0.10940;0.13208;0.16244;2.01491;3.40969;4.83791;0.43076;0.30371;0.25986;58.21039;63.55143;86.66130;0.10455;-0.84833;-0.77972;-0.84637;9.65311;0.02851;0.00844;-3.42334;-0.76904;-1.43262;-267.87500;-146.93750;-206.87500;0.54352;-0.38428;-0.13397;0.03351;17.83300;17.96711;17.97389;0.02539;1.48584;0.31836;307.43750;387.75000;397.93750;0.42380;-0.62253;-0.50940;-0.36426;15.74705;14.24450;1.23447;-0.90381;0.26904;-0.14185;3.00000;2.25000;-1.75000;-0.61018;-0.78476;0.39362;1.10219;-0.36298;5.43243;3.42760;8.63355;1.16188;2.78856;6.47242;8.45016;3.81815;-0.71653;-0.15549;0.31818;-0.26825;-0.85912;-2.23973;2.15999;-2.07720;0.36462;-1.10638;0.29903;1.75097;0.99041;0.32341;-0.71535;-0.58029;-0.41708;13.67838;13.50245;0.54775;-0.99524;0.18079;-0.37500;-14.57812;-16.51562;-40.64062;0.47893;-0.55276;-0.44308;-0.25468;16.26109;15.55341;3.13706;-0.61450;0.53906;-0.03955;25.34375;20.90625;38.50000
0.0;-0.78801;0.14251;-0.55169;-0.16529;2.27672;14.51013;8.63191;0.93450;0.11474;-0.31766;-1.83553;0.68953;-0.43911;0.07090;0.11471;0.06953;0.06410;0.90207;5.47981;1.92732;0.18797;0.14396;0.13188;25.04627;30.95340;48.16957;-0.90594;-0.22552;-0.79169;-0.42908;0.46554;0.02327;1.27526;0.13525;-0.94482;-0.70801;-213.56250;-208.62500;-380.06250;-0.36078;0.49310;-0.30414;-0.00073;6.24378;17.98974;14.54079;2.62939;1.04346;0.42139;157.37500;112.25000;180.18750;-0.79974;0.14099;-0.53455;-0.18311;2.18105;16.87893;8.71310;0.91309;0.10889;-0.34424;-0.81250;0.31250;0.25000;12.81582;0.96154;2.23294;0.25333;4.07412;2.04390;3.62099;33.18542;7.92175;2.04290;12.09602;12.21352;20.48390;2.90855;-0.08232;-0.48580;0.03158;1.28903;-1.92713;-0.70553;4.12190;-0.11179;1.23115;-0.27858;-1.16733;-2.36470;-0.82800;0.06061;-0.57990;-0.20911;1.89559;15.34607;7.46221;0.87402;0.04639;-0.39502;-9.75000;-5.75000;-9.06250;-0.76953;0.23248;-0.51379;-0.12811;2.67445;17.53729;9.28345;0.95801;0.19287;-0.27197;5.31250;7.56250;10.37500
0.0;0.40604;-0.54315;-0.58082;-0.33493;14.97098;12.03077;9.61049;-0.92682;0.29995;-0.03360;-2.46908;4.01042;2.95271;0.13421;0.08358;0.11854;0.22716;2.62059;2.86485;7.34568;0.42266;0.25180;0.18834;57.14586;35.53789;123.53410;-0.02765;-0.73492;-0.83093;-0.77509;6.61640;1.02811;0.00568;-2.76025;-0.36621;-1.50000;-394.25000;-124.62500;-376.43750;0.57050;-0.36066;-0.19684;0.28827;17.77022;16.15582;17.99618;0.31934;1.55273;0.67773;177.50000;112.12500;459.18750;0.45688;-0.51340;-0.58386;-0.40244;15.99661;12.72758;9.70642;-0.96411;0.21069;0.02124;1.03125;1.81250;0.25000;2.14580;-0.46074;2.07110;0.28181;1.36317;1.60444;-1.78533;4.08295;1.67982;13.86951;11.80969;2.46855;2.36475;-1.73771;-0.44441;0.80715;0.71184;-1.44268;-1.53985;-0.11259;-0.48241;0.95525;-2.36001;-2.14266;-0.23733;0.18217;0.38942;-0.61322;-0.64236;-0.46335;14.35541;12.02310;1.47212;-1.04541;0.14453;-0.11060;-18.06250;-7.34375;-43.93750;0.47841;-0.49432;-0.55318;-0.23808;16.91528;13.57546;17.24774;-0.81287;0.41614;0.06567;22.54688;17.40625;50.04688
0.0;-0.77540;0.09907;-0.55623;-0.14726;2.33274;12.83429;8.40941;0.93107;0.12961;-0.29240;-7.62647;2.28156;-2.35948;0.09255;0.15939;0.10259;0.11600;1.32844;6.50238;2.49560;0.26220;0.18989;0.17843;46.67906;37.17718;55.92105;-0.92285;-0.44330;-0.75562;-0.41150;0.22140;0.00372;0.73033;0.16602;-0.67773;-0.71289;-225.75000;-137.43750;-331.81250;-0.40723;0.52448;-0.28961;0.15997;6.13511;17.99735;17.89639;2.26611;0.66211;0.28760;234.81250;134.00000;158.12500;-0.79959;0.09348;-0.56589;-0.14404;2.24374;16.03935;8.89420;0.89136;0.11768;-0.30176;-7.50000;-1.37500;-3.43750;4.06689;2.88221;-0.14479;-0.43335;-0.11865;-0.49708;2.94307;5.82377;0.16480;-0.49150;6.17927;2.42921;10.42652;1.81322;-0.44428;0.52456;0.15863;0.74723;-1.14152;-1.13748;1.77405;0.14906;0.30722;-0.56123;0.28750;-1.68849;-0.83368;0.03239;-0.63280;-0.23972;1.22536;7.80626;8.10849;0.76990;-0.00671;-0.42542;-23.21875;-16.39062;-18.78125;-0.73849;0.16066;-0.52176;-0.05878;2.74519;17.22709;9.44088;0.99890;0.23657;-0.16248;9.96875;16.53125;14.51562
0.0;0.43115;-0.50738;-0.60309;-0.36767;15.56398;11.87385;11.54768;-0.92770;0.28420;0.05133;1.62952;2.60732;-0.32537;0.11360;0.09223;0.10780;0.15753;1.93136;2.48580;7.56608;0.36224;0.23864;0.10096;37.97007;31.66890;100.08398;0.06866;-0.75604;-0.74402;-0.78522;9.23385;1.17065;0.00199;-2.86670;-0.24658;-0.46924;-257.25000;-76.50000;-312.37500;0.61829;-0.32428;-0.21454;0.04492;17.47776;17.38993;17.99857;-0.14014;0.95947;0.57373;251.18750;171.62500;437.31250;0.47501;-0.48117;-0.61163;-0.39355;16.45576;12.55038;17.28692;-0.95898;0.17188;0.05688;-1.21875;0.75000;0.75000;1.97298;0.42995;4.04654;1.15966;1.51603;3.39950;-1.42110;7.92157;0.08312;4.49873;16.03295;4.66491;3.93374;-1.51519;-0.88932;1.86686;-0.14534;-1.45200;-2.06584;-0.62454;-1.68785;0.89288;-0.04878;0.68012;1.36609;0.33871;0.39326;-0.53641;-0.66132;-0.41869;14.60710;12.31309;0.73878;-0.98401;0.14832;0.01050;-10.00000;-9.01562;-15.32812;0.49319;-0.46104;-0.59476;-0.28056;16.98946;12.94667;17.69433;-0.79114;0.46021;0.08008;10.10938;5.67188;30.10938
0.0;-0.78645;0.09851;-0.54632;-0.15911;2.58624;12.93521;8.43128;0.91531;0.15113;-0.29942;-2.33438;1.14873;-3.61440;0.09171;0.11823;0.11487;0.11188;1.39903;6.15246;2.54315;0.26651;0.22141;0.19109;30.36883;38.70773;59.19098;-0.89496;-0.24567;-0.80908;-0.45648;0.02513;0.00771;0.22763;0.02881;-0.39355;-0.77100;-93.62500;-191.31250;-396.56250;-0.35187;0.50128;-0.16907;0.11792;7.94803;17.99995;17.88457;2.58105;1.36133;0.76416;265.87500;142.75000;213.75000;-0.81561;0.08755;-0.56393;-0.14307;2.14512;15.86925;9.07785;0.90918;0.09839;-0.34204;-2.81250;-0.84375;-2.62500;5.55573;2.17355;-0.04984;-0.66259;-0.03351;-0.24170;2.66563;9.32147;1.31822;2.75332;17.83174;7.30104;15.69845;2.07783;0.34703;0.13214;-0.06956;0.78398;-1.20973;-1.28040;1.81713;0.66579;1.29411;2.65726;0.02037;-2.19865;-0.83340;0.03142;-0.60985;-0.27876;1.69083;9.31475;8.00864;0.78369;0.00623;-0.42664;-13.98438;-9.65625;-13.35938;-0.77419;0.16196;-0.47852;-0.07770;3.83243;17.08953;9.68814;0.96814;0.29297;-0.22412;4.85938;6.84375;8.06250
0.0;-0.77309;0.15551;-0.55287;-0.16071;2.38453;12.40179;7.62051;0.93980;0.09987;-0.30215;-4.05052;2.71517;-0.33647;0.09441;0.13864;0.10651;0.08519;1.39083;6.69035;2.36295;0.26168;0.21747;0.18374;53.11923;39.52773;68.01054;-0.93335;-0.33630;-0.75769;-0.39020;0.12388;0.01367;1.23502;0.33057;-0.79980;-1.22998;-168.00000;-190.31250;-369.06250;-0.40253;0.52692;-0.21179;0.02991;7.03306;17.98161;12.26534;2.74072;1.49316;0.43506;505.25000;138.12500;177.56250;-0.79517;0.16483;-0.55713;-0.13840;2.15025;16.19664;8.10387;0.91528;0.07129;-0.33057;-6.96875;-0.62500;-3.87500;3.41138;3.85290;0.41936;-0.21935;0.76949;-1.14643;0.81486;17.17884;6.00504;1.08218;35.66105;4.00884;8.14476;1.53934;-0.88729;0.58440;-0.46594;1.02058;-0.83529;-0.94520;3.19016;1.09710;0.23939;4.35658;-0.04456;-1.46188;-0.83168;0.10483;-0.62068;-0.22656;1.40655;4.74958;6.46877;0.81836;-0.01306;-0.42480;-22.65625;-17.17188;-18.75000;-0.72655;0.20242;-0.51007;-0.10536;2.84252;17.51210;9.19824;1.01367;0.21021;-0.17444;4.54688;20.90625;23.15625
0.0;-0.28872;0.52993;0.43337;0.26024;14.24770;10.71818;7.55502;-0.75221;0.32111;-0.08312;0.23980;2.21329;1.23689;0.36480;0.15751;0.34737;0.31886;2.40478;5.32115;6.25610;0.40364;0.38706;0.37397;82.67050;53.94667;70.07165;-0.74994;-0.14709;-0.50018;-0.86536;5.71954;0.00832;0.00085;-3.50537;-1.45996;-1.31104;-457.00000;-380.31250;-339.68750;0.59589;0.82025;0.94891;0.82434;17.88185;17.93911;17.99996;2.34180;2.03223;1.83203;508.31250;335.56250;349.18750;-0.36169;0.53549;0.54727;0.32251;14.33730;12.70730;5.73816;-0.78735;0.28125;-0.08154;-0.12500;0.43750;0.81250;-0.33365;3.63885;0.09612;1.40944;1.10826;-0.24344;-1.33361;11.08238;0.75974;0.66333;4.98902;7.49894;4.46527;0.77981;-1.30593;-0.93636;-1.11419;-1.04490;-1.15553;0.43757;0.96726;0.46294;0.52197;-0.05630;0.91790;-0.02661;-0.53189;0.47540;0.29413;0.10304;13.08201;11.03571;1.60639;-0.94861;0.03955;-0.36804;-28.92188;-16.87500;-23.28125;-0.09041;0.61917;0.70659;0.45682;16.18119;14.12502;13.89396;-0.64868;0.57983;0.14392;24.42188;15.62500;28.29688
0.0;-0.39845;0.53082;0.59442;0.35666;15.16979;11.96423;11.40408;-0.93647;0.31173;0.02779;1.68781;1.99340;0.32477;0.12527;0.09458;0.12232;0.19813;2.33738;2.37315;7.04535;0.41923;0.26531;0.16852;49.38932;37.95047;118.24526;-0.55914;0.33289;0.14282;-0.15057;7.60835;0.62417;0.00079;-3.14355;-0.64014;-0.62891;-457.50000;-82.00000;-333.31250;0.03491;0.75531;0.79425;0.81921;17.84330;16.72226;17.96947;0.05664;1.15186;0.56250;113.75000;175.31250;472.93750;-0.43317;0.51740;0.60553;0.40668;16.04618;12.17252;16.22295;-0.94678;0.21240;0.07861;0.93750;-0.18750;4.81250;3.20720;-0.45087;3.77956;0.32566;1.76353;3.27318;-1.43285;8.89226;1.09952;1.28933;20.46755;4.04387;3.54505;2.00424;0.28237;-1.64594;-0.44675;-1.55957;-1.69865;-0.63765;-1.98786;0.70086;-0.59087;-2.82694;1.52584;0.30237;-0.46591;0.46942;0.55582;0.27057;14.12007;11.58235;2.04686;-0.99219;0.15186;-0.06104;-14.43750;-9.25000;-19.31250;-0.40009;0.59659;0.66208;0.47546;16.82428;13.52403;16.97573;-0.82251;0.46777;0.11328;20.12500;6.06250;29.71875
0.0;0.41553;-0.54698;-0.51875;-0.46814;16.24683;11.79561;13.94305;-0.96208;0.20929;-0.00317;3.94551;-2.24896;2.32190;0.08248;0.06673;0.12100;0.11855;1.27122;2.91033;5.87209;0.29789;0.22572;0.09515;42.81659;28.78456;90.37962;0.01520;-0.81128;-0.67975;-0.78619;11.73487;0.77656;0.01140;-2.75098;-0.71143;-0.59717;-246.62500;-77.18750;-251.00000;0.50848;-0.42719;-0.13129;-0.22247;17.81479;16.83926;17.99907;-0.22949;1.17480;0.36182;240.00000;166.00000;464.00000;0.45154;-0.52252;-0.54932;-0.46649;16.86508;12.83902;17.14742;-0.96729;0.13330;0.03174;-0.56250;-1.06250;2.31250;4.86691;2.53902;2.60838;1.03478;0.57315;1.59082;0.43913;15.07681;2.46978;8.35645;10.61174;10.09334;7.48824;-2.19131;-1.56798;1.82751;-0.88410;-1.18876;-1.74761;-1.39305;-2.95815;0.74797;-1.85921;-0.60765;2.27383;1.19900;0.39523;-0.56393;-0.58917;-0.48007;15.36489;12.50136;8.77390;-0.98242;0.11230;-0.03711;-6.68750;-10.90625;-9.00000;0.46356;-0.51373;-0.53247;-0.40317;17.21569;13.15635;17.50581;-0.86987;0.31616;0.04102;12.21875;1.25000;21.37500
0.0;0.41570;-0.52991;-0.58374;-0.39760;15.92208;12.12098;12.93574;-0.92238;0.24391;0.04771;-1.94883;1.11528;1.83370;0.11261;0.06614;0.08080;0.15505;2.07061;1.70694;6.38181;0.33141;0.27022;0.13976;44.13639;26.98810;76.14970;-0.09247;-0.74933;-0.81061;-0.79150;7.01675;4.42320;0.00243;-3.11523;-1.80615;-1.64990;-399.06250;-170.43750;-551.18750;0.58966;-0.39880;-0.12946;0.17975;17.90797;15.94548;17.99900;0.36523;1.37744;1.24902;225.62500;160.50000;432.18750;0.44989;-0.50562;-0.57739;-0.45459;16.95598;11.87202;16.22324;-0.96338;0.13818;0.08936;-0.93750;-0.18750;1.43750;6.17627;1.49985;8.73649;2.17701;4.30188;7.33761;-0.34191;13.55686;6.31192;29.45709;17.94723;10.89769;11.07775;-2.47918;-1.41542;1.39157;1.37580;-2.14571;-1.93514;-1.23371;-1.48462;0.59085;-2.80927;-1.70345;1.69694;0.10385;0.41711;-0.54675;-0.59952;-0.48730;15.39058;11.62695;10.47171;-0.97607;0.12061;0.03149;-7.34375;-3.56250;-4.50000;0.46906;-0.48923;-0.55176;-0.32281;17.03015;13.03861;16.69664;-0.90601;0.31323;0.10596;7.12500;2.31250;10.46875
0.0;-0.46213;0.45688;0.60719;0.28709;15.43229;12.08867;10.29077;-0.93952;0.28605;0.00688;-0.84472;2.22063;1.89040;0.16215;0.15059;0.10669;0.25728;2.26031;2.41155;7.21027;0.41182;0.29612;0.14128;80.09471;54.84124;104.29607;-0.75385;0.01331;0.19666;-0.36639;7.38970;0.34869;0.00255;-3.65479;-1.60010;-0.58398;-473.93750;-259.37500;-317.18750;0.03699;0.74207;0.83008;0.77832;17.74092;17.22134;17.99775;0.08252;1.48291;0.74609;292.75000;207.50000;463.06250;-0.47821;0.47327;0.61371;0.39508;16.42930;12.54894;12.46684;-0.95117;0.17920;0.05273;-1.87500;1.62500;2.75000;1.60712;1.65494;5.09532;-0.03055;2.97902;5.51660;-1.70295;8.88907;4.61689;3.26677;9.81502;6.67393;4.75092;0.89930;-1.02490;-1.90944;-0.76567;-1.87070;-2.33369;-0.26290;-1.54345;0.15476;-0.72504;-1.31911;-0.35921;0.13000;-0.52386;0.44046;0.58893;0.15344;14.80405;11.90916;1.23750;-0.98438;0.14160;-0.05981;-16.00000;-9.53125;-13.12500;-0.43970;0.51019;0.65295;0.43878;16.90908;13.26153;17.04522;-0.83398;0.43433;0.09814;16.34375;7.68750;32.59375
0.0;0.37379;-0.52529;-0.58993;-0.39882;15.14290;11.42910;13.79736;-0.90790;0.30105;0.07971;1.06959;2.17863;-0.41031;0.14603;0.09297;0.11023;0.18769;2.51170;2.43166;5.63146;0.39237;0.31493;0.09585;29.71917;28.47031;120.70371;-0.06860;-0.72363;-0.73334;-0.79443;6.59750;4.32230;0.02022;-2.83838;-1.04688;-0.31543;-167.81250;-73.31250;-323.12500;0.61475;-0.30469;-0.17358;0.23163;17.94651;14.44380;17.98697;0.04736;1.19971;0.41211;112.43750;88.37500;435.81250;0.43359;-0.50696;-0.60242;-0.43427;16.07573;12.19203;16.79264;-0.95312;0.17969;0.08398;-1.06250;0.93750;6.43750;1.01663;0.16769;4.14971;2.59494;2.31791;1.98048;1.07469;5.85719;1.70681;3.12672;7.53473;1.00728;1.85748;-1.20412;-0.36846;1.92655;1.20531;-1.66917;-1.77785;-1.59453;-1.12263;0.51031;-0.36300;-0.77492;0.44102;-0.03368;0.28906;-0.55334;-0.66977;-0.46744;14.29185;11.77327;12.42067;-0.98364;0.12891;0.04492;-7.75000;-8.43750;-35.09375;0.46689;-0.48318;-0.56998;-0.38715;16.93548;12.43511;17.06845;-0.77490;0.42676;0.10913;11.00000;8.68750;35.56250
0.0;0.39309;-0.53516;-0.60496;-0.31199;14.91501;12.13544;9.88644;-0.87818;0.36013;0.03408;-1.22753;2.00328;-1.74278;0.14375;0.06770;0.10988;0.24189;2.87935;2.38237;7.60627;0.43127;0.30075;0.11897;50.66772;40.88802;122.55430;-0.10248;-0.74847;-0.79431;-0.77338;5.43974;0.23254;0.02382;-2.64844;-0.28906;-0.32959;-376.12500;-106.37500;-351.93750;0.56720;-0.39600;-0.21167;0.41357;17.82280;16.81191;17.99809;0.28711;1.28125;0.78516;157.37500;155.81250;395.93750;0.44788;-0.51880;-0.60229;-0.41992;16.14162;12.69068;13.28900;-0.94482;0.23486;0.06006;-0.18750;0.56250;7.43750;3.18943;1.09663;3.27090;0.92196;2.14847;6.02850;-1.83455;2.60697;0.30765;6.75884;9.89503;1.88364;2.01427;-2.01360;-1.10344;1.47862;0.95098;-1.63964;-2.49734;-0.19121;-0.15303;0.95720;0.67928;-1.64199;0.60122;-0.10870;0.40289;-0.56567;-0.68463;-0.45825;14.03241;12.11060;1.37195;-0.98779;0.14404;-0.02002;-14.62500;-13.81250;-27.75000;0.46454;-0.49438;-0.57007;-0.13293;16.92963;13.35473;17.11894;-0.69580;0.55518;0.09473;23.18750;11.43750;41.62500
0.0;0.39771;-0.61732;-0.49677;-0.38367;15.32075;14.33124;3.81381;-0.95899;0.27840;-0.18522;-1.85054;1.74570;-0.05833;0.14140;0.11277;0.12146;0.13915;1.88064;2.63570;5.59792;0.49485;0.25664;0.21465;46.11217;63.93418;86.80298;-0.00165;-0.84546;-0.71570;-0.90448;9.30193;0.05926;0.00014;-4.04590;-0.99219;-1.34570;-420.43750;-185.68750;-222.81250;0.59558;-0.29095;-0.02759;0.00018;17.80790;17.85039;17.99125;-0.05029;2.07275;0.12695;128.06250;416.68750;480.93750;0.44562;-0.57269;-0.54089;-0.37671;16.05805;14.22467;1.13861;-0.92725;0.25342;-0.08789;0.18750;2.31250;-2.37500;0.06020;-0.03314;3.53647;4.66577;1.26462;9.39146;1.89702;18.58462;8.64094;5.78327;30.26951;16.32895;7.96134;-0.97086;-0.35255;1.68622;-1.11304;-1.39261;-2.59869;1.84069;-3.82745;0.86944;-2.07505;-4.11760;2.43401;1.55043;0.31934;-0.70599;-0.57489;-0.40063;14.67128;13.89597;0.55284;-0.94873;0.17188;-0.32373;-10.50000;-10.31250;-22.62500;0.48511;-0.54108;-0.44794;-0.35492;16.52272;15.34504;4.01346;-0.81396;0.33350;-0.04834;13.93750;11.25000;26.12500
0.0;0.39555;-0.60447;-0.50602;-0.41424;15.70298;14.18524;4.58178;-0.95171;0.26093;-0.12717;-0.99981;3.41002;-0.92004;0.11798;0.09443;0.10443;0.12977;1.71597;2.16783;6.39446;0.36487;0.18718;0.16782;40.90761;55.07533;72.59056;0.00641;-0.84210;-0.76398;-0.93146;9.44978;5.81671;0.00482;-3.55469;-0.50098;-0.96094;-336.87500;-197.62500;-214.12500;0.56848;-0.23334;-0.05927;-0.01691;17.83534;17.68814;17.99775;-0.01807;1.27002;0.57129;123.18750;373.87500;405.87500;0.43054;-0.58466;-0.52850;-0.40228;16.32236;14.20191;0.95146;-0.93457;0.25732;-0.07031;0.81250;0.50000;-1.31250;0.59819;2.95651;4.79116;5.15069;2.39065;4.76274;0.08080;19.46054;4.41982;4.01596;23.51297;18.87893;9.11231;-1.16104;-0.21201;1.44878;-0.77276;-1.84054;-1.72799;1.34549;-3.48814;0.60308;-1.45620;-3.27889;2.34795;1.08890;0.36957;-0.63126;-0.55847;-0.46210;15.83684;13.83829;0.48882;-0.95654;0.16846;-0.15479;-8.18750;-8.15625;-14.43750;0.46451;-0.56339;-0.47281;-0.38834;16.63966;14.97298;3.82357;-0.89624;0.29102;-0.05054;10.06250;11.75000;15.78125
1.0;-0.13422;0.11065;-0.52825;0.11307;8.81094;10.11838;6.62165;-0.09561;0.07512;0.07857;1.56599;-1.88350;-0.35528;0.48474;0.42024;0.28034;0.43332;4.77050;5.04015;4.99207;0.82458;0.67076;0.50866;136.59480;118.47605;125.10792;-0.99854;-0.81067;-0.98926;-0.88861;0.10523;0.00252;0.00603;-5.98926;-4.48682;-2.77393;-1175.75000;-1110.25000;-999.62500;0.67554;0.93390;0.52875;0.99536;17.89363;17.99979;17.99490;4.54199;3.42041;4.77100;972.43750;828.43750;646.68750;-0.08282;0.15799;-0.54865;0.09729;9.57277;10.83016;5.74052;-0.18896;0.08838;0.06763;-1.18750;0.00000;0.09375;-1.37113;-0.95836;1.72217;-0.96379;-1.04837;-0.92933;-0.06299;2.19819;0.85822;2.34545;10.91309;17.18404;7.03069;-0.11290;-0.04614;1.24244;0.13720;-0.10940;-0.24639;0.89649;-0.55588;-0.13441;0.69429;0.26075;-0.70130;-0.20417;-0.70601;-0.23756;-0.71739;-0.23938;4.45605;5.92409;2.21627;-0.63977;-0.32935;-0.30811;-30.56250;-25.18750;-27.40625;0.29489;0.44006;-0.46114;0.49379;12.04299;13.30589;8.36588;0.68018;0.52686;0.34888;30.57812;21.93750;28.14062
1.0;0.33815;-0.62499;-0.50234;-0.38746;14.87203;13.67436;7.31220;-0.93216;0.33959;-0.16592;-2.07949;7.96630;0.12066;0.13929;0.12822;0.15424;0.18172;1.95696;2.64904;7.53836;0.49312;0.28372;0.28647;70.65015;76.63589;90.99436;0.01593;-0.85699;-0.84094;-0.90448;9.47097;5.18935;0.00429;-3.63672;-0.91846;-1.53467;-484.87500;-172.37500;-193.62500;0.58258;-0.29980;-0.06647;0.04718;17.75313;17.03151;17.99866;0.11279;1.92236;1.16699;256.50000;431.37500;417.06250;0.34622;-0.61646;-0.50430;-0.37637;15.74038;14.25586;2.59327;-0.91064;0.29565;-0.07495;0.06250;1.59375;0.50000;-1.05923;-0.66445;0.71118;1.54859;-0.04697;2.11981;-1.57557;10.80298;4.53742;3.29522;13.68539;11.02750;4.88058;-0.19119;0.05676;0.38339;-0.53896;-0.92126;-1.63042;0.49334;-2.76746;0.85809;-0.97823;-1.80684;2.46200;1.47723;0.21591;-0.74039;-0.59325;-0.44968;13.23953;13.21476;0.62824;-0.96680;0.19482;-0.34790;-27.70312;-13.35938;-46.09375;0.45691;-0.53177;-0.42865;-0.30713;16.27420;15.12722;17.38726;-0.69336;0.50171;-0.00488;24.92188;14.46875;26.59375
1.0;0.39739;-0.54016;-0.57864;-0.37972;15.41997;12.09612;12.00953;-0.94237;0.28967;0.02886;-0.44752;2.48775;0.14450;0.11969;0.07857;0.11792;0.19222;2.36713;2.47726;7.26804;0.43925;0.28206;0.11535;51.02819;36.89436;113.31534;-0.05774;-0.74652;-0.80750;-0.83069;6.40013;0.16943;0.01149;-3.08105;-1.40625;-0.60645;-425.81250;-106.75000;-361.37500;0.55164;-0.32446;-0.09222;0.28888;17.93103;16.60992;17.99456;0.28809;1.78271;0.86230;142.81250;160.18750;482.31250;0.43921;-0.51941;-0.59113;-0.42407;16.59522;12.70768;17.02986;-0.95410;0.18750;0.05420;-0.06250;0.12500;3.18750;2.61410;0.57034;5.08428;2.01443;2.49259;5.18408;-1.25229;6.67663;3.98173;10.15355;19.89274;3.04835;4.08711;-1.75558;-0.54847;1.81746;0.91458;-1.72635;-2.44527;-0.75963;-1.39006;0.37339;0.81229;-2.84153;0.87190;0.20825;0.36929;-0.58725;-0.61087;-0.45465;14.73710;12.39955;1.44733;-0.98438;0.15063;-0.01978;-9.62500;-8.87500;-12.00000;0.47180;-0.49130;-0.55945;-0.33987;16.92316;13.15551;17.49271;-0.85889;0.42920;0.07275;14.25000;5.34375;32.15625
1.0;0.44654;-0.51852;-0.59842;-0.34834;15.59911;12.42057;10.56762;-0.91737;0.30190;-0.00058;0.86744;1.46785;-2.63744;0.10894;0.07966;0.09138;0.16061;1.82376;2.16034;7.58224;0.27782;0.23030;0.12832;36.93396;27.81797;84.56510;0.03906;-0.75629;-0.75439;-0.84009;8.74560;2.97737;0.01866;-2.88379;-0.70947;-0.87939;-294.93750;-78.18750;-309.56250;0.60779;-0.32532;-0.15424;0.07837;17.86466;15.67564;17.99537;-0.07471;1.00049;0.41162;126.31250;172.68750;424.87500;0.48221;-0.49048;-0.61310;-0.39459;16.50505;12.44620;16.70639;-0.95557;0.20776;0.06934;-1.28125;0.56250;0.75000;3.41099;0.54573;9.60363;1.02962;2.52643;4.40792;-1.75850;14.25082;1.83471;4.45050;16.32486;8.65136;5.63622;-1.89190;-0.89789;2.83786;-0.11628;-1.65609;-2.03019;-0.33558;-1.99933;0.65725;-1.63423;-1.98132;1.48886;0.29241;0.43565;-0.56570;-0.63712;-0.41774;14.75804;12.17541;1.98526;-0.97461;0.16504;-0.07092;-9.18750;-3.70312;-15.73438;0.50011;-0.46918;-0.59224;-0.23470;16.88274;13.63542;17.40279;-0.83435;0.41687;0.08203;11.50000;10.14062;17.01562
1.0;0.39982;-0.55706;-0.52518;-0.45249;15.92613;11.90993;12.19617;-1.01771;0.20596;-0.01422;-1.09140;-0.38983;0.95045;0.10593;0.09407;0.11489;0.12678;1.61988;2.83106;6.65485;0.34552;0.22882;0.15165;44.81048;32.33568;106.29063;-0.01935;-0.81641;-0.65112;-0.82550;10.13508;0.39552;0.01728;-3.19434;-0.81934;-0.70557;-280.93750;-92.75000;-273.31250;0.50977;-0.34277;-0.07599;-0.14496;17.83452;16.16534;17.96501;-0.47461;0.98975;0.51758;217.31250;121.56250;461.12500;0.44043;-0.51697;-0.56702;-0.46429;16.70341;12.21057;16.54599;-0.96436;0.14844;0.05176;-0.62500;0.87500;1.75000;5.67017;-0.15600;5.79256;1.67074;2.18625;2.21193;-0.92520;13.95709;3.11703;2.62702;10.97604;2.84082;4.31978;-2.43713;-0.65687;2.49311;-0.70650;-1.60388;-1.65337;-0.90951;-3.24140;0.25936;-1.06721;-1.44669;0.30424;0.68099;0.39221;-0.63226;-0.57672;-0.47504;15.22889;11.90164;8.33680;-1.00781;0.11182;-0.08350;-10.43750;-5.62500;-7.50000;0.45642;-0.49908;-0.52264;-0.36627;17.02622;13.84825;16.85064;-0.88184;0.29492;0.08252;16.56250;8.93750;23.81250
1.0;0.40390;-0.55283;-0.52697;-0.44783;15.83664;11.65692;10.85077;-0.95248;0.23313;-0.02198;-0.26460;0.81517;-8.15214;0.09442;0.09195;0.12406;0.14248;1.67556;3.05843;6.87192;0.29114;0.24895;0.17620;50.74190;37.17596;100.42812;0.04370;-0.78204;-0.78406;-0.80096;10.67978;1.43703;0.02189;-2.75195;-0.75098;-1.08105;-349.93750;-118.62500;-312.31250;0.53754;-0.37500;-0.10730;-0.13147;17.79652;17.98168;17.99735;-0.22852;1.17432;0.63770;161.93750;112.50000;381.87500;0.42874;-0.51169;-0.56293;-0.47183;16.60734;11.95088;15.72302;-0.95947;0.18213;0.02637;-1.78125;1.40625;7.43750;3.68726;-0.05500;3.50517;0.74136;1.32324;1.11419;-1.43474;9.64545;2.55627;4.83094;15.94154;1.79002;2.53684;-1.91868;-0.86403;1.70543;-0.10925;-1.48042;-1.27791;-0.56587;-1.95768;0.48323;-1.42946;-2.68015;-0.14058;-0.61544;0.39609;-0.60849;-0.58614;-0.50131;15.34886;11.38024;1.69336;-1.03174;0.11572;-0.11401;-16.20312;-9.14062;-23.56250;0.44556;-0.50043;-0.49434;-0.37363;16.94825;13.61984;16.42413;-0.81189;0.33252;0.10547;19.01562;13.43750;28.40625
1.0;0.45331;-0.49998;-0.58934;-0.38329;15.95409;11.83991;11.56940;-0.96459;0.22807;0.03124;0.19683;-0.02770;1.99941;0.08864;0.07201;0.11550;0.15485;1.73352;2.63206;7.49881;0.29188;0.26756;0.09613;56.90252;29.83782;102.69435;0.15778;-0.73566;-0.79889;-0.78857;10.69901;1.24119;0.00236;-2.38721;-0.64355;-0.49756;-329.06250;-107.75000;-274.31250;0.61700;-0.30450;-0.14740;-0.03845;17.88756;16.45216;17.99599;-0.17139;1.44287;0.71289;228.75000;133.43750;436.00000;0.47687;-0.49649;-0.58151;-0.42978;16.90673;12.68041;17.32637;-0.96436;0.14795;0.04150;-1.78125;-0.12500;0.37500;3.20377;2.16987;3.91801;0.59594;0.93809;4.06973;-1.45232;7.40844;2.63070;9.67656;9.25700;4.15950;3.88090;-1.78046;-0.72298;1.46465;0.28682;-1.39107;-2.33820;-0.61565;-1.82237;0.94999;0.25367;-0.57172;1.08231;0.43647;0.44316;-0.51581;-0.64581;-0.44083;15.09424;12.45151;1.24317;-0.97876;0.12158;0.02405;-10.37500;-5.32812;-12.09375;0.49231;-0.47261;-0.57214;-0.32614;17.11069;12.81896;17.55259;-0.88501;0.28748;0.05225;6.87500;1.12500;33.81250
1.0;-0.33558;0.07037;0.26375;-0.05011;14.21736;13.05906;6.07600;-0.79659;0.39953;-0.09718;-10.48914;7.66915;-3.07540;0.32599;0.54863;0.42044;0.47573;2.66809;3.33871;5.70816;0.47244;0.34177;0.28556;72.64026;67.86244;86.15486;-0.82239;-0.88495;-0.78864;-0.87305;7.57028;0.28645;0.00042;-3.93457;-1.11182;-1.69629;-492.68750;-220.37500;-284.31250;0.48987;0.85248;0.83276;0.87170;17.98417;17.91485;17.99925;0.90332;1.62354;1.09912;260.93750;339.18750;443.62500;-0.44901;0.02148;0.43466;0.04855;15.28966;13.96162;6.19143;-0.87573;0.30713;-0.07837;-2.81250;0.25000;-3.18750;-0.28530;-1.42981;0.19972;-1.39071;-1.04209;4.34991;-0.81003;7.68735;0.22683;3.72423;5.81054;4.42445;3.16692;0.85761;-0.24931;-1.18262;-0.24308;-0.64263;-2.19348;0.59836;-1.40226;0.26899;0.19190;-1.11948;1.29033;0.53435;-0.61220;-0.43854;0.10663;-0.47934;11.49070;12.93031;0.78793;-0.96521;0.19299;-0.23572;-36.53125;-22.78125;-35.34375;-0.16035;0.55992;0.57158;0.37212;16.51041;15.00633;9.77678;-0.50317;0.65430;0.00415;21.06250;24.81250;26.00000
1.0;-0.41142;0.51043;0.60013;0.38496;15.59592;11.59164;11.40296;-0.97529;0.24246;0.05469;0.17147;0.58718;2.96875;0.12373;0.08351;0.11928;0.15894;2.03790;2.34794;7.32599;0.36435;0.26672;0.12617;57.03842;28.70224;106.22074;-0.54742;0.37683;0.18634;0.01044;9.56666;2.95738;0.00533;-2.76221;-0.85645;-0.65039;-370.93750;-66.31250;-271.25000;-0.05481;0.74402;0.80151;0.77185;17.79305;17.45955;17.99554;-0.04492;1.16016;0.41748;195.75000;144.81250;436.50000;-0.45599;0.47714;0.61279;0.41821;16.57557;12.27687;16.44825;-0.95605;0.16748;0.07812;-1.46875;1.15625;6.40625;1.71977;0.82865;3.04076;0.27192;1.42074;2.78950;-1.32416;6.90922;2.97926;3.93307;12.73943;5.05477;3.59849;1.71389;1.33227;-1.60650;-0.09244;-1.57725;-1.90070;-0.69012;-1.64214;0.46386;-1.09628;-2.19850;1.43565;0.28743;-0.48265;0.46223;0.59711;0.26425;15.07554;11.64536;0.53306;-1.00867;0.13245;-0.00696;-10.21875;-10.42188;-9.96875;-0.41194;0.53323;0.67502;0.45045;16.92746;12.69025;17.18057;-0.88513;0.32507;0.12439;17.39062;4.67188;30.50000
1.0;0.41753;-0.46287;-0.61392;-0.37763;15.22228;10.98598;13.65430;-0.93990;0.22449;0.12586;-0.22392;1.16296;-0.02948;0.13132;0.13485;0.14544;0.18817;2.30102;2.52141;5.64950;0.42055;0.28970;0.17724;46.32860;41.06180;119.99555;-0.00854;-0.73547;-0.80426;-0.81927;8.29926;0.39000;0.00437;-2.92236;-1.09570;-0.36816;-307.62500;-80.75000;-307.25000;0.62671;-0.19049;-0.12439;0.10175;17.75263;14.95981;17.98854;0.12402;1.33496;0.66309;146.81250;173.75000;451.75000;0.45648;-0.48248;-0.62274;-0.40839;16.32384;12.00342;16.60115;-0.95361;0.15869;0.09131;-2.25000;-0.93750;1.25000;2.80461;-0.34328;3.11478;0.92255;1.12043;1.21892;0.73727;5.66056;3.96836;1.17943;15.00866;3.64128;2.13068;-1.81467;-0.02767;1.63282;0.21394;-1.43381;-1.32193;-1.49643;-1.31845;1.12010;0.86908;-2.23882;1.46894;0.19895;0.41174;-0.51044;-0.70312;-0.45190;14.64833;9.76788;10.50275;-0.99170;0.09668;0.06641;-16.06250;-14.37500;-19.50000;0.48560;-0.37708;-0.58569;-0.32196;16.91052;12.40753;17.07908;-0.80322;0.22314;0.14404;13.56250;2.87500;38.18750
1.0;-0.43225;0.52580;0.56588;0.40824;15.99311;12.14593;13.01552;-0.94704;0.22334;0.00702;1.63181;-0.69506;-1.09151;0.10976;0.08014;0.08693;0.15402;1.96035;2.11079;6.31866;0.33496;0.21320;0.15163;32.46272;26.55364;92.85636;-0.57684;0.32471;0.13580;-0.13062;7.50362;4.71437;0.03941;-3.01758;-1.08398;-1.00146;-168.43750;-82.18750;-324.68750;0.06104;0.74927;0.78839;0.82458;17.84427;16.26851;17.99989;0.21240;1.04443;0.37061;281.31250;189.31250;461.37500;-0.45764;0.50809;0.58337;0.43747;16.89588;12.18460;16.50749;-0.96191;0.16089;0.07202;-0.96875;-0.06250;-0.43750;7.14939;1.43180;10.34998;2.48563;6.12713;4.11817;-0.44522;11.14855;5.74138;7.20422;20.74539;15.00250;6.25702;2.58092;1.11850;-2.84414;-0.91179;-2.50227;-1.72075;-1.16289;-1.58121;1.34116;-2.33679;2.39798;2.57333;0.02341;-0.47856;0.48755;0.55875;0.39529;15.84081;11.88782;9.25751;-0.97314;0.14172;-0.02661;-7.35938;-3.56250;-10.98438;-0.42484;0.53363;0.59930;0.48120;16.98884;12.83920;17.09869;-0.92957;0.22351;0.09204;4.71875;2.35938;12.73438
1.0;0.39394;-0.54251;-0.54977;-0.42102;15.28350;11.52378;11.32000;-1.00300;0.21550;0.00788;1.51849;3.16499;-0.26306;0.13322;0.10590;0.13637;0.15329;1.84753;3.17196;6.84159;0.43819;0.35746;0.17118;50.00923;32.64153;137.20679;-0.05090;-0.74561;-0.73828;-0.82477;8.98023;0.02901;0.01420;-3.21533;-2.50244;-1.06250;-311.18750;-69.06250;-424.06250;0.65735;-0.31470;-0.08795;-0.04181;17.79718;15.48242;17.99595;-0.31055;1.18750;0.67236;183.18750;131.12500;523.00000;0.42877;-0.51678;-0.58948;-0.43018;15.69262;12.25446;16.08883;-0.96191;0.17236;0.04297;-0.12500;2.31250;8.50000;2.06810;-0.70909;2.80768;0.80904;1.62240;0.70251;-1.30603;8.53090;14.45818;6.08328;9.70688;1.64932;2.60756;-1.31518;-0.08340;1.66652;-0.42633;-1.32499;-1.31889;-0.63171;-2.47062;-1.91678;-1.51329;-1.56651;0.76592;0.02586;0.36362;-0.63535;-0.62357;-0.48535;14.11742;11.42785;1.58197;-1.07642;0.10645;-0.05615;-11.75000;-7.09375;-26.53125;0.46417;-0.48016;-0.51651;-0.32178;16.73367;13.63556;16.92312;-0.76245;0.36182;0.11987;27.71875;14.06250;44.87500
1.0;-0.78510;0.02880;-0.56823;-0.10384;2.55753;12.46382;9.31213;0.93186;0.16327;-0.30210;0.10698;1.71419;-2.19982;0.08462;0.16444;0.09501;0.07735;1.03800;6.40119;2.85148;0.25343;0.21467;0.16373;53.96765;41.51260;59.67305;-0.92499;-0.33051;-0.76349;-0.36664;0.37178;0.00104;1.33237;0.02295;-0.33936;-0.74854;-99.12500;-190.06250;-281.50000;-0.45605;0.45538;-0.30884;0.02979;5.77757;17.99320;13.95717;2.29395;1.56543;0.26758;542.75000;106.81250;147.06250;-0.81601;0.03635;-0.55945;-0.08203;2.28859;15.76555;9.44739;0.89941;0.15356;-0.33716;-3.31250;-0.90625;-8.53125;3.42867;0.08755;-0.04963;1.12047;0.85947;-0.62691;0.95053;8.25100;4.26286;-0.14980;52.79127;2.69844;6.84191;1.64053;0.08865;0.30876;-1.25148;1.10584;-1.06488;-0.72908;2.07467;1.00685;0.54610;6.12663;-0.59397;-1.25828;-0.83577;-0.08597;-0.63889;-0.11836;1.85427;5.37527;8.27562;0.82031;0.01404;-0.41089;-18.17188;-17.70312;-19.17188;-0.73312;0.12750;-0.53120;-0.06000;2.88241;16.87421;10.71254;0.99475;0.28931;-0.19763;11.45312;22.01562;10.46875
1.0;0.37550;-0.62372;-0.50558;-0.38716;15.43980;14.00876;2.80599;-0.92242;0.31789;-0.15845;1.33742;3.40997;-0.01392;0.13538;0.11503;0.11800;0.13807;1.98802;2.48738;5.09392;0.42241;0.25021;0.20952;38.92320;53.84921;76.91466;0.02643;-0.85413;-0.71960;-0.86829;9.26175;0.02906;0.00382;-3.98682;-1.01318;-1.63818;-270.68750;-158.18750;-224.12500;0.54242;-0.33234;-0.07330;-0.00049;17.88201;17.12202;17.99644;-0.20361;1.89990;0.29736;219.93750;413.06250;454.56250;0.45459;-0.56317;-0.55908;-0.39020;16.41966;14.15351;0.88842;-0.93457;0.25146;-0.06445;0.50000;0.31250;-1.56250;-0.53203;-0.40116;2.34060;2.41217;0.92282;10.53708;4.12468;20.37922;7.22919;9.91329;10.68806;22.69634;10.01887;-0.95540;-0.67475;1.45567;-0.23081;-1.48205;-3.13318;2.37589;-3.57886;1.29723;-2.52468;-1.14380;3.10700;1.53830;0.29132;-0.69501;-0.57178;-0.43872;14.98417;13.94526;0.55617;-0.95068;0.22217;-0.24854;-4.25000;-6.81250;-13.43750;0.47626;-0.54645;-0.45441;-0.37219;16.62084;15.13190;1.30751;-0.81494;0.33447;-0.04883;9.81250;7.56250;13.56250
1.0;0.40429;-0.59373;-0.51121;-0.36600;14.98444;13.60249;3.53696;-0.93453;0.29196;-0.17416;0.16442;5.39808;1.36920;0.13990;0.13162;0.15098;0.17066;2.03502;3.60847;4.82740;0.50995;0.26412;0.25581;50.18765;60.81038;93.56531;0.12872;-0.84552;-0.86609;-0.90417;10.35253;0.02685;0.00818;-4.21289;-1.03906;-1.24512;-411.00000;-166.93750;-208.31250;0.62354;-0.22723;-0.05603;-0.00769;17.88582;17.96015;17.98877;-0.20410;1.68066;0.55127;132.93750;348.68750;467.00000;0.45660;-0.58319;-0.49768;-0.36670;15.88192;14.15882;1.00952;-0.92139;0.25439;-0.11475;1.56250;4.93750;5.12500;-0.96831;0.07454;1.33904;1.76309;-0.52145;2.70803;2.70801;17.84056;4.92769;2.50671;23.51665;11.06510;5.90936;-0.52019;-0.09232;0.20822;-0.71333;-0.91149;-1.68437;1.90584;-3.46817;0.64850;-0.55281;-3.39597;1.83558;1.25246;0.29501;-0.65640;-0.58377;-0.43234;13.51432;13.42778;0.52377;-1.02344;0.13989;-0.34814;-15.25000;-9.75000;-25.96875;0.50690;-0.51865;-0.43344;-0.28210;16.44665;15.27784;3.88899;-0.74365;0.38965;-0.03418;24.31250;17.81250;30.15625
1.0;-0.79261;0.11748;-0.54763;-0.10642;2.54092;11.69224;8.40422;0.92716;0.08216;-0.34162;0.47355;1.19871;1.32510;0.07844;0.14018;0.09267;0.11153;1.17009;7.29734;2.38653;0.32616;0.21077;0.19928;36.18591;41.95354;60.58756;-0.91809;-0.19604;-0.77234;-0.45459;0.30532;0.00156;0.55691;-1.26367;-1.11084;-1.60205;-167.56250;-173.56250;-340.12500;-0.38898;0.52057;-0.21735;0.30029;7.50031;17.99713;17.93241;2.48242;0.91260;0.58789;205.62500;172.81250;153.62500;-0.80908;0.11316;-0.54193;-0.10327;2.31448;16.04460;8.38825;0.91553;0.06689;-0.35791;-0.06250;0.81250;1.31250;9.84685;-0.03332;0.82019;1.86746;2.14780;-1.33733;2.50744;10.31048;4.13880;7.37772;6.04799;3.62890;8.14562;2.71074;0.19152;0.14795;0.38912;1.39294;-0.72563;-0.54338;0.01716;-0.32253;-1.00259;0.64230;-0.41000;-1.53358;-0.82947;0.03137;-0.59686;-0.15198;1.85688;2.31188;7.49659;0.83594;-0.03125;-0.42236;-16.93750;-12.18750;-19.62500;-0.78271;0.20483;-0.50836;-0.06122;2.68321;17.49422;9.52653;0.98926;0.19238;-0.23828;14.87500;17.06250;23.93750
1.0;0.40112;-0.51081;-0.57669;-0.41288;15.36660;11.50507;14.13815;-0.90538;0.26796;0.06972;2.22226;0.50366;-4.94162;0.13086;0.10106;0.13697;0.17059;2.26262;2.58719;5.54553;0.36440;0.31361;0.10088;30.12554;25.77020;103.52754;0.03149;-0.70844;-0.75787;-0.83160;9.55539;1.82313;0.00350;-3.10010;-0.62646;-0.99463;-258.87500;-64.75000;-281.56250;0.63983;-0.20605;-0.09888;-0.01447;17.74062;17.96170;17.99736;-0.07178;1.15869;0.63623;88.81250;103.12500;458.50000;0.44803;-0.50824;-0.58829;-0.43076;16.56805;12.32811;16.98541;-0.95752;0.15674;0.06592;0.87500;0.31250;4.03125;0.73164;1.48818;4.09599;1.15633;0.16614;2.41676;1.24643;8.12656;0.78287;32.68227;23.16595;2.26513;2.85309;-1.14595;0.57185;2.01154;0.02123;-1.18310;-1.86144;-1.62833;-1.36099;0.98154;-2.01285;-2.96526;0.89600;0.09066;0.35231;-0.54715;-0.67267;-0.47229;14.56442;12.09989;12.42786;-0.98560;0.11047;0.04016;-7.54688;-10.40625;-16.89062;0.47902;-0.47881;-0.55777;-0.36041;17.07094;12.61310;17.34075;-0.77637;0.39233;0.08252;16.29688;3.21875;27.10938
1.0;-0.76847;-0.04722;-0.47014;-0.11649;3.30951;14.47242;9.86855;0.83629;0.24566;-0.38962;-2.94453;-0.71920;0.21554;0.13357;0.29879;0.11316;0.22973;1.62886;5.19039;2.67259;0.27949;0.24087;0.14848;26.24887;30.71030;58.37016;-0.89893;-0.86023;-0.75421;-0.41467;0.40223;0.00207;1.53346;0.10010;-1.23389;-0.92432;-144.56250;-171.68750;-331.18750;-0.15338;0.53107;-0.14203;0.36707;8.52111;17.99864;17.93654;2.69385;0.86670;0.55762;163.12500;121.87500;221.68750;-0.81219;0.05176;-0.50244;-0.16681;2.57010;16.15770;9.58073;0.88477;0.19434;-0.40381;-1.12500;0.00000;-0.18750;5.78024;0.24585;-0.14379;-0.30691;0.11850;2.71550;2.12914;6.84980;0.32002;3.49728;5.34600;5.91812;9.04211;2.20924;-1.01758;0.24801;0.96808;0.96346;-2.09457;-0.01332;1.26519;0.35777;1.01319;0.37913;-0.53301;-0.86594;-0.84656;-0.16467;-0.54190;-0.29095;2.30338;15.51638;8.64139;0.69312;0.05054;-0.48657;-11.84375;-9.68750;-14.81250;-0.73511;0.14999;-0.39188;-0.08096;4.37264;17.16199;10.76157;0.92529;0.41064;-0.33130;6.18750;8.81250;17.28125
1.0;0.28339;-0.62811;-0.64258;-0.17861;12.56445;12.84839;4.43614;-0.66385;0.69426;-0.01378;2.24126;-6.23431;-0.66204;0.08899;0.06995;0.13919;0.21966;1.45373;2.05108;6.39772;0.56262;0.32333;0.08531;49.33402;40.96504;124.38270;0.02002;-0.71698;-0.73492;-0.82458;8.94852;5.89989;0.00285;-3.51025;-1.85107;-0.32617;-392.81250;-87.00000;-285.31250;0.43744;-0.35693;-0.12817;0.06195;17.60747;13.80778;17.98606;-0.09961;1.17041;0.22852;92.43750;143.31250;496.81250;0.29437;-0.65216;-0.68445;-0.13934;12.48777;13.53916;1.32876;-0.53564;0.77100;-0.01660;2.75000;0.25000;-0.50000;0.93582;4.60002;5.47083;1.81595;2.95416;6.52800;0.12282;11.24634;26.36886;1.06773;25.57614;2.87960;4.12929;-0.92256;1.98406;2.56793;-1.51372;0.99277;-2.89198;1.36360;-3.28448;-4.34465;-0.55333;-3.93254;0.87587;0.76698;0.25021;-0.66052;-0.71027;-0.22107;11.81200;13.30684;0.63253;-0.58594;0.70923;-0.04565;-5.93750;-28.40625;-20.21875;0.34552;-0.61044;-0.66470;-0.00687;13.00087;13.59274;8.64960;-0.43481;0.81934;0.04077;25.93750;8.56250;10.62500
1.0;-0.78213;0.12851;-0.55628;-0.16338;2.30428;13.26448;8.39981;0.94823;0.13124;-0.29759;2.59267;1.17190;0.46890;0.08458;0.11819;0.08387;0.08685;1.18033;6.36059;2.06602;0.23683;0.20774;0.13377;60.12784;38.91492;69.28357;-0.92798;-0.25311;-0.75531;-0.42902;0.10520;0.00058;0.99740;0.27344;-0.32324;-0.86426;-134.68750;-187.06250;-369.50000;-0.37775;0.52881;-0.17059;-0.00354;7.97179;17.99359;11.05432;2.64453;2.18555;0.29004;648.62500;166.50000;209.18750;-0.80426;0.11993;-0.56274;-0.15350;2.08065;16.24154;8.71678;0.91943;0.09766;-0.32178;-1.25000;-0.75000;-2.12500;7.28065;1.91533;4.00250;-0.06196;5.03443;-0.08634;4.22470;17.05824;29.76706;0.63620;59.44145;6.54705;8.79357;2.36487;0.56009;1.12537;-0.51151;1.73297;-1.31123;-1.99688;3.17260;3.75154;0.43974;6.47918;0.50937;-1.20241;-0.82837;0.06049;-0.59436;-0.22528;1.74517;14.82436;8.23556;0.85693;0.00879;-0.38574;-16.43750;-10.93750;-16.43750;-0.77209;0.20520;-0.52948;-0.09564;2.54182;17.28288;9.55202;0.97656;0.20215;-0.22119;13.43750;8.56250;19.06250
1.0;0.41262;-0.54468;-0.53954;-0.42338;15.71816;11.83049;10.66859;-1.00033;0.21854;-0.01920;-0.18767;1.27642;3.08132;0.11638;0.07383;0.12333;0.16903;1.89643;2.83278;6.89620;0.37483;0.27534;0.15781;60.94162;38.41938;118.48326;0.02484;-0.75531;-0.84540;-0.79663;9.30612;4.26880;0.00050;-2.93701;-0.75195;-0.87207;-364.93750;-132.62500;-377.25000;0.57568;-0.36108;-0.09277;-0.01160;17.94242;16.30739;17.99332;-0.31885;1.30615;0.89111;264.00000;120.87500;430.75000;0.42746;-0.53497;-0.55322;-0.47299;16.66010;12.24899;15.87629;-0.96387;0.13184;0.04004;-0.59375;2.34375;6.59375;2.64022;0.59578;4.19357;0.03987;1.53533;1.29346;-1.54385;10.07078;1.83179;5.50635;12.04568;3.63558;3.17630;-1.69016;-0.38093;1.54965;0.40287;-1.46282;-1.52732;-0.47791;-2.76569;0.53281;-0.66614;-1.82925;-0.61006;-0.07939;0.39626;-0.58546;-0.59402;-0.51573;14.84189;11.71102;1.87371;-0.99609;0.09814;-0.11719;-11.60938;-4.17188;-8.21875;0.48915;-0.50601;-0.52643;-0.32317;17.06436;13.77764;16.33703;-0.86194;0.33630;0.07996;14.62500;10.59375;28.34375
1.0;0.42993;-0.50183;-0.59758;-0.36500;15.35995;11.37585;11.22752;-0.95115;0.26325;0.05419;-1.15642;2.25336;2.82594;0.12451;0.08886;0.13202;0.17955;2.04779;2.99819;7.23383;0.42303;0.32473;0.10491;46.67163;40.13070;123.47026;0.02899;-0.72925;-0.78320;-0.81042;9.05367;0.99814;0.00014;-2.93408;-0.55322;-0.59863;-304.43750;-156.37500;-305.37500;0.66870;-0.28296;-0.14996;0.03815;17.98428;16.42246;17.99947;0.05176;1.39111;0.65234;135.25000;126.06250;455.93750;0.46304;-0.49380;-0.60852;-0.39606;15.99560;12.65572;16.12585;-0.96167;0.17920;0.06396;2.56250;0.50000;6.46875;1.82554;0.79911;2.86792;0.30772;0.68094;1.74270;-1.44082;6.86944;0.48804;10.13675;11.19898;2.12931;2.32678;-1.31524;-0.28987;1.62993;-0.15560;-1.13102;-1.72876;-0.54036;-1.79897;0.65252;-0.57178;-2.34124;0.30564;0.45944;0.41594;-0.53229;-0.68600;-0.44049;14.31391;11.73798;1.55943;-1.02759;0.11304;0.02856;-9.03125;-11.46875;-51.03125;0.49532;-0.46542;-0.57614;-0.23868;16.97373;12.96500;17.62243;-0.80273;0.37720;0.08447;20.92188;7.64062;47.40625
1.0;-0.78058;0.17056;-0.53202;-0.18791;2.47102;13.74767;7.96858;0.91915;0.12765;-0.32036;-4.08286;1.67958;-1.98119;0.08152;0.13667;0.09807;0.09153;1.22017;6.02318;2.17333;0.22469;0.22775;0.18481;57.53239;35.58722;55.46694;-0.92627;-0.41730;-0.77502;-0.42230;0.30660;0.00037;0.00794;0.40479;-0.62646;-0.92822;-250.62500;-188.00000;-332.68750;-0.47009;0.47003;-0.29034;0.12720;5.91464;17.97199;17.06221;2.48145;2.27344;0.86768;673.00000;161.12500;164.06250;-0.79379;0.17386;-0.53201;-0.18344;2.13429;16.82654;8.20631;0.91821;0.09351;-0.32959;-1.87500;1.31250;-0.09375;2.58084;3.77566;0.43305;0.26800;0.74994;0.37596;3.06250;12.70007;18.96236;3.36006;51.61245;6.54518;8.15654;1.26095;-1.25986;0.18514;0.42651;1.09526;-1.45833;-0.95080;2.47644;2.66260;1.01934;3.83130;-0.20215;-1.55827;-0.82812;0.10020;-0.58101;-0.26939;1.79646;14.99370;7.32331;0.83765;0.00049;-0.41150;-17.31250;-14.00000;-23.95312;-0.75235;0.27058;-0.50082;-0.12640;2.70031;17.23860;9.11429;0.97266;0.20166;-0.26123;9.00000;17.53125;21.39062
1.0;0.38062;-0.62715;-0.48904;-0.38771;15.13116;13.81975;2.43916;-0.94375;0.29861;-0.19999;-1.49109;4.96256;-1.13104;0.12678;0.11703;0.12595;0.16360;1.92410;3.43802;3.59577;0.46047;0.28497;0.24005;52.20532;67.53669;89.96148;0.13153;-0.83759;-0.71179;-0.89038;10.00756;0.02976;0.00797;-3.67969;-0.67725;-1.66162;-462.75000;-167.56250;-225.87500;0.61127;-0.31927;-0.10620;0.00439;17.92371;17.97599;17.99062;0.00293;2.02148;0.17529;84.18750;424.06250;395.06250;0.42538;-0.64117;-0.47882;-0.39978;15.98107;14.15474;0.82699;-0.91992;0.25073;-0.13379;3.62500;2.84375;1.12500;-1.10577;-0.32262;0.63215;1.65134;-0.08684;3.36216;6.59834;13.19157;5.40299;9.67195;30.89631;17.18764;3.76288;-0.33298;0.17737;0.67598;-0.38237;-1.00246;-1.91506;2.50760;-2.96570;1.27460;-2.56798;-4.59887;2.99647;0.80022;0.27122;-0.69147;-0.57390;-0.45688;13.96043;13.64200;0.38897;-1.02722;0.13464;-0.30872;-8.28125;-10.00000;-31.73438;0.48505;-0.54832;-0.41229;-0.31467;16.36459;15.19290;3.07645;-0.73499;0.39343;-0.05481;22.12500;15.06250;29.56250
1.0;-0.38330;0.52770;0.58227;0.40278;15.38334;11.80133;13.86510;-0.94713;0.28731;0.05685;5.27410;4.35721;-1.61918;0.14083;0.08858;0.11753;0.17827;2.31833;2.51981;5.93888;0.40223;0.26148;0.14104;44.65941;44.12503;114.60553;-0.57727;0.33234;0.16010;-0.16144;7.38212;0.99227;0.00107;-3.05371;-0.69775;-0.45850;-261.93750;-82.31250;-306.75000;0.03473;0.75043;0.79498;0.81061;17.91431;17.88360;17.99699;0.06006;1.17529;1.17139;135.62500;159.93750;462.18750;-0.43738;0.50009;0.61462;0.41013;16.39393;12.32867;17.07283;-0.94678;0.19922;0.07739;1.37500;-0.56250;6.87500;0.62018;0.72523;4.27856;2.33555;2.63865;3.99192;0.55029;7.86984;1.69264;10.09815;7.48248;2.01409;3.24523;1.22908;0.90571;-1.97709;-0.91084;-1.75150;-2.09915;-1.46744;-1.61644;0.99801;1.05547;-1.33438;1.43799;0.46081;-0.48106;0.47203;0.56529;0.38997;14.49115;11.91638;10.36680;-0.99451;0.14844;-0.03259;-9.64062;-21.62500;-23.79688;-0.30981;0.55585;0.63863;0.46907;16.87132;12.99449;17.42037;-0.88306;0.39270;0.11047;24.31250;6.56250;30.84375
1.0;0.37017;-0.56017;-0.58357;-0.37503;15.16349;12.13974;13.23183;-0.92299;0.30893;0.02446;2.05726;1.56058;2.97713;0.12179;0.08858;0.10137;0.18733;2.39550;2.19803;6.60103;0.45177;0.34328;0.10870;63.26143;39.08763;109.49805;0.04022;-0.76923;-0.78467;-0.77667;8.46758;5.46257;0.00283;-2.82715;-1.85596;-0.33838;-347.56250;-113.31250;-305.87500;0.52899;-0.39905;-0.20129;0.10809;17.86499;14.14941;17.94464;0.26953;1.41650;0.61475;242.43750;158.00000;446.18750;0.41782;-0.53772;-0.59933;-0.42148;16.30937;12.64621;17.08477;-0.95117;0.23633;0.06299;3.71875;-0.21875;8.84375;0.33572;-0.19784;4.63241;0.70383;0.66548;3.37293;-0.30557;4.91591;6.50456;3.82155;9.20813;4.46331;3.11607;-1.19654;-0.76843;1.87743;0.80212;-1.36366;-2.15734;-1.20257;-1.04374;-0.51171;-0.37004;-1.18335;1.18009;0.08212;0.31120;-0.61867;-0.62350;-0.45767;14.51460;12.40322;9.31243;-1.01648;0.17188;-0.01440;-9.60938;-10.03125;-13.67188;0.45917;-0.49583;-0.57458;-0.37077;16.76186;13.24419;17.44560;-0.77563;0.48669;0.08057;22.14062;5.85938;38.96875
1.0;-0.36075;0.52974;0.59402;0.41649;15.40350;12.13036;13.46692;-0.93233;0.29330;0.09148;0.31729;3.50267;0.06602;0.13526;0.06664;0.10505;0.17050;2.17676;1.66822;6.08473;0.37647;0.28546;0.15226;66.09654;40.06209;108.61791;-0.54150;0.35565;0.16229;-0.17389;7.94304;5.93768;0.02038;-2.92871;-1.07227;-0.34180;-424.43750;-88.75000;-348.81250;-0.00830;0.72742;0.84070;0.81958;17.89231;17.01466;17.98407;0.01758;1.19629;0.84619;245.87500;147.12500;448.50000;-0.42267;0.51486;0.59671;0.44989;16.45307;12.16165;16.43205;-0.95312;0.18530;0.09302;4.50000;-0.43750;6.46875;-0.54444;0.14059;5.34514;3.01368;1.77357;5.83435;0.34331;6.30293;2.39465;2.37728;12.58576;1.82770;4.17078;0.87931;0.57463;-1.61483;-1.31681;-1.46963;-1.75097;-1.45239;-1.37644;0.52109;0.74769;-2.00376;0.94029;0.13089;-0.45749;0.48598;0.55983;0.39961;14.15526;11.57196;15.22654;-0.99988;0.13367;0.00940;-11.07812;-12.56250;-22.68750;-0.24789;0.56812;0.65158;0.48741;16.92231;13.00738;17.06389;-0.80823;0.43433;0.13135;17.64062;10.57812;27.29688
1.0;-0.35188;0.64448;0.49111;0.36926;14.98624;13.71190;3.91959;-0.90687;0.32347;-0.18516;0.61751;4.90950;-0.29186;0.13470;0.12470;0.12887;0.18143;2.11889;2.86166;5.64370;0.43128;0.25679;0.25044;50.78131;59.82313;76.35569;-0.54810;0.38068;0.15271;0.01367;10.35169;0.12686;0.01557;-3.87012;-0.72754;-1.62695;-255.81250;-140.25000;-150.68750;-0.03168;0.87415;0.78925;0.84595;17.93811;17.03008;17.97587;-0.25000;1.75781;0.44385;186.93750;365.06250;424.56250;-0.36374;0.63193;0.48553;0.37744;15.83938;14.54092;1.22714;-0.91528;0.26660;-0.10547;4.96875;0.12500;0.50000;-0.77192;-0.99571;0.50305;-0.10956;-0.82472;4.78543;0.89372;15.78230;4.30927;5.39415;5.02271;10.44923;6.81754;0.47482;0.26006;-0.13743;0.15007;-0.74205;-2.37230;1.57920;-3.10279;0.72768;-1.63806;-0.88414;1.93488;1.51802;-0.47865;0.53978;0.42505;0.25285;13.62319;13.96553;0.66784;-0.97791;0.20312;-0.26990;-10.92188;-15.14062;-37.12500;-0.23790;0.74580;0.56230;0.48648;16.63696;15.27552;2.03955;-0.68762;0.40332;-0.05615;23.17188;20.26562;31.23438
1.0;0.34248;-0.64576;-0.49478;-0.38327;14.97032;13.84736;3.09698;-0.89369;0.35199;-0.17216;-0.61128;3.68438;-2.31524;0.13428;0.11647;0.12335;0.16512;2.15039;2.93597;5.25471;0.43589;0.28117;0.21015;44.60806;59.92141;85.52237;0.06458;-0.83807;-0.71802;-0.88867;9.42076;0.20150;0.00081;-3.73242;-0.44629;-1.20850;-323.50000;-170.00000;-205.62500;0.61652;-0.30859;-0.06989;0.01660;17.93149;17.11047;17.99411;-0.01709;1.41650;0.42480;152.81250;394.50000;422.25000;0.35730;-0.64630;-0.49579;-0.40533;16.11346;14.21863;0.76873;-0.91309;0.26318;-0.09326;1.56250;2.43750;2.43750;-1.15599;-0.32931;1.67567;1.33484;-0.48904;6.57321;2.67656;14.07895;1.11243;3.83278;8.20307;15.38404;6.94015;-0.19611;0.17004;0.93102;-0.17252;-0.89526;-2.58057;2.02645;-2.92465;1.01667;-1.55492;-1.65816;2.45859;1.35458;0.20862;-0.72491;-0.56006;-0.45660;13.16726;13.70047;0.27011;-0.98340;0.18066;-0.31689;-10.87500;-8.93750;-30.06250;0.46027;-0.56079;-0.44159;-0.29327;16.58637;15.08189;2.16016;-0.72607;0.51953;-0.03760;19.62500;14.62500;17.43750
1.0;-0.76651;0.18336;-0.55158;-0.18190;2.21817;13.03057;8.17132;0.96081;0.08754;-0.28671;-5.04708;1.05970;-2.54848;0.07925;0.15354;0.07951;0.07359;1.07530;6.56678;2.29439;0.22616;0.15404;0.14706;62.09383;42.67955;62.12350;-0.92743;-0.49292;-0.73291;-0.37665;0.10349;0.00180;0.32414;0.52100;-0.57764;-0.64502;-354.31250;-160.56250;-317.06250;-0.43866;0.50513;-0.17151;0.03815;7.45322;17.99078;14.86836;2.52246;1.47949;0.14941;594.68750;202.75000;181.31250;-0.78754;0.20142;-0.53729;-0.18829;2.19457;16.72726;8.06202;0.92529;0.07959;-0.33032;-6.50000;1.40625;-3.68750;4.64470;6.74797;4.54598;0.38704;7.27850;-0.37930;2.30772;16.30259;14.99971;-0.37740;39.53405;5.74656;7.12180;1.82816;-1.95512;0.93866;0.25724;1.91257;-1.18769;-0.54371;3.27843;2.11213;0.71483;2.95341;0.72862;-1.20456;-0.81070;0.13908;-0.60347;-0.22266;1.67238;12.91738;7.34049;0.87097;-0.01562;-0.39209;-23.57812;-14.03125;-21.50000;-0.74348;0.25334;-0.51399;-0.13290;2.53126;17.41308;9.02283;0.98779;0.16455;-0.20251;14.23438;14.07812;19.46875
1.0;0.40370;-0.54966;-0.54188;-0.43662;15.86967;11.94641;11.68853;-1.01192;0.21119;0.00021;0.87789;3.15246;-3.33056;0.10700;0.07354;0.12372;0.13612;1.72819;2.81842;7.17073;0.34438;0.29681;0.11854;65.70300;35.74436;114.11942;0.06226;-0.75269;-0.81598;-0.81348;10.33767;1.49843;0.00655;-2.70312;-1.84619;-0.69043;-415.25000;-113.31250;-317.25000;0.55469;-0.36023;-0.06958;-0.06732;17.96087;17.44792;17.99644;-0.51514;1.13281;0.45752;202.12500;131.62500;465.50000;0.43765;-0.52615;-0.56122;-0.46841;16.76014;12.59600;16.71862;-0.96313;0.14209;0.03394;0.21875;0.65625;1.84375;2.11840;0.94686;5.43032;1.33669;1.21183;2.84661;-1.26533;11.67425;10.63903;5.57348;15.40020;2.85216;3.49690;-1.73060;-0.72902;2.10330;-0.20817;-1.47307;-2.00373;-0.72305;-3.07491;-1.09564;-1.39974;-2.68240;0.69363;0.07984;0.41940;-0.57208;-0.59508;-0.47763;15.21241;12.23002;2.02799;-1.02673;0.11877;-0.05115;-6.32812;-5.54688;-5.45312;0.45752;-0.51538;-0.55367;-0.36938;16.98388;13.40391;17.05557;-0.87988;0.27637;0.07129;12.40625;5.64062;23.45312
1.0;0.39932;-0.54233;-0.56934;-0.40869;15.49279;11.89024;10.84165;-0.95938;0.29129;0.01334;2.21419;1.49375;-1.68632;0.10409;0.08973;0.12035;0.14813;1.60818;2.67941;7.06269;0.39215;0.29057;0.17796;54.89883;33.67916;101.98161;-0.03314;-0.71942;-0.79718;-0.81476;8.79741;0.84790;0.02498;-3.76660;-1.38232;-0.67920;-450.50000;-68.25000;-295.87500;0.60272;-0.37640;-0.13776;0.00745;17.72943;17.34571;17.98576;-0.40527;1.72998;0.74023;207.68750;159.56250;515.12500;0.42911;-0.49304;-0.60107;-0.42877;15.91041;11.92853;16.13549;-0.94678;0.21045;0.03247;1.09375;2.06250;3.84375;5.11810;-1.27125;4.72137;1.61724;4.71760;2.14059;-1.52657;20.51705;7.28896;1.88931;21.96040;3.55594;6.24303;-2.09355;-0.41216;2.14310;-0.41818;-1.88968;-1.47587;-0.53354;-3.97790;0.21130;-0.81238;-3.06617;1.13828;0.73468;0.39554;-0.63988;-0.62318;-0.46085;14.74931;11.36821;1.51278;-0.98462;0.14319;-0.07532;-6.81250;-13.53125;-17.64062;0.45084;-0.47603;-0.56409;-0.30116;16.64875;13.65158;16.55101;-0.80444;0.45374;0.14746;21.85938;12.70312;23.00000
1.0;-0.77133;0.01528;-0.57109;-0.15469;2.59666;14.69158;10.02709;0.91228;0.22055;-0.24516;-0.96996;2.34773;-1.86764;0.09019;0.15405;0.11559;0.09806;1.56443;3.37193;3.17062;0.27729;0.20695;0.21551;50.60985;39.54309;62.15867;-0.91925;-0.25427;-0.79669;-0.42694;0.32999;0.38082;0.00885;0.31641;-0.92627;-0.84424;-94.87500;-197.62500;-348.81250;-0.49371;0.47998;-0.29376;0.05994;6.08868;17.97268;17.99227;2.49121;0.94824;0.59766;420.18750;116.00000;157.50000;-0.79169;0.00684;-0.58340;-0.13519;2.15176;15.75175;10.34420;0.90991;0.19312;-0.23169;-4.90625;1.56250;-2.06250;1.13572;0.93300;-0.22033;-0.39103;-0.61061;3.89047;3.13299;8.88448;3.62967;1.30448;29.88885;4.45618;8.94594;1.17529;0.83528;0.26361;-0.14303;0.74913;-2.16355;-0.78247;1.99375;-0.33926;0.68991;4.29937;-0.66790;-1.76859;-0.83289;-0.08484;-0.63722;-0.23795;1.44786;15.05679;9.46342;0.75977;0.09717;-0.40234;-25.73438;-14.98438;-14.35938;-0.74271;0.08948;-0.51202;-0.09042;3.62274;16.35924;11.01890;1.01550;0.33508;-0.14429;12.98438;15.54688;13.96875
1.0;0.38232;-0.54175;-0.54713;-0.44004;15.47256;11.37920;12.55322;-0.98915;0.24638;0.05479;2.77102;3.25183;-0.53308;0.13180;0.09768;0.12709;0.15605;1.97914;2.85150;6.13896;0.41254;0.26413;0.16850;56.35710;33.25545;127.80303;-0.02313;-0.78278;-0.75623;-0.80896;9.33605;2.45523;0.00679;-3.13428;-0.38818;-0.76367;-308.06250;-52.37500;-382.50000;0.59473;-0.32867;-0.07001;-0.05627;17.77216;17.77107;17.98748;-0.22363;1.23535;0.47559;282.06250;145.00000;444.43750;0.42456;-0.50613;-0.58786;-0.44638;16.24425;11.78757;16.08216;-0.95142;0.14404;0.09204;1.37500;-0.25000;5.06250;1.38916;-0.43938;4.24493;0.26233;1.10387;0.96551;-0.38081;8.75962;0.57655;2.33247;9.12172;2.73222;2.59174;-1.34820;-0.56398;2.00489;0.19398;-1.39413;-1.31747;-1.09863;-2.40405;1.02435;-0.71871;-1.02534;1.44866;0.09178;0.34149;-0.61218;-0.60963;-0.51993;14.62994;10.89140;8.57174;-0.99377;0.08984;-0.02283;-9.79688;-13.73438;-12.87500;0.46942;-0.47481;-0.54007;-0.39630;16.89833;13.65583;16.77299;-0.80481;0.39026;0.12146;24.56250;6.10938;36.54688
1.0;0.42910;-0.53349;-0.57565;-0.33960;15.23805;12.06289;10.20154;-0.90419;0.30304;-0.03027;0.92689;2.32311;-5.11538;0.13114;0.08359;0.10978;0.21996;2.52594;2.80719;7.19036;0.44004;0.24294;0.18185;40.64230;39.22325;113.54960;-0.04266;-0.78412;-0.77020;-0.80396;6.81933;0.03904;0.00360;-2.95166;-0.27930;-1.33496;-278.93750;-119.43750;-346.68750;0.57703;-0.33649;-0.17273;0.26086;17.87643;16.05831;17.98571;0.21924;1.23486;0.74609;219.81250;151.00000;440.12500;0.47150;-0.49780;-0.59302;-0.42761;16.50172;12.59639;13.76820;-0.96094;0.17578;0.03369;-0.37500;0.75000;4.75000;3.86047;-0.04160;4.48539;0.35037;1.86764;2.74418;-1.75954;4.96746;1.58364;9.28243;9.95244;3.14826;3.58666;-2.14025;-0.50746;1.81757;0.61814;-1.57150;-1.74448;-0.25184;-0.79010;1.34693;-2.07927;-0.54387;0.52496;0.06404;0.44177;-0.60236;-0.61908;-0.45172;14.09859;11.86378;2.25894;-0.99658;0.14014;-0.09326;-14.25000;-7.87500;-12.12500;0.49213;-0.48108;-0.55640;-0.22784;16.97111;13.67267;17.01778;-0.81348;0.43457;0.08447;16.87500;13.56250;27.25000
1.0;0.36953;-0.53950;-0.59584;-0.40710;15.38539;11.88260;14.02318;-0.94998;0.31500;0.07731;-2.53882;2.97714;0.98388;0.13053;0.06652;0.09107;0.14816;2.14504;2.21653;5.80512;0.35615;0.29380;0.16179;50.37534;27.74977;124.70788;-0.08777;-0.74414;-0.77356;-0.74164;7.45693;2.81964;0.01676;-2.45117;-0.74658;-1.74951;-381.31250;-70.56250;-336.68750;0.53986;-0.36670;-0.21661;0.10956;17.77333;15.88381;17.99623;-0.04053;1.95508;0.71240;136.50000;130.62500;480.00000;0.42026;-0.51895;-0.59525;-0.43951;16.30400;12.31458;16.98536;-0.94946;0.19702;0.08325;-0.53125;-0.06250;0.59375;2.51254;1.24687;4.95284;3.11175;3.68958;4.71620;1.10105;3.86937;4.18271;43.69078;16.79854;3.28894;3.15496;-1.67313;-0.96402;1.78946;1.41456;-2.03331;-2.38111;-1.65284;-1.03786;1.38450;-3.69261;-2.91955;1.31106;0.38631;0.31322;-0.54767;-0.64204;-0.45052;14.64244;12.16478;15.73090;-0.99268;0.17627;0.03040;-8.65625;-9.89062;-6.59375;0.44447;-0.50635;-0.59009;-0.39307;16.64823;12.79399;17.21384;-0.83142;0.40820;0.10657;16.28125;3.71875;29.65625
1.0;0.41497;-0.51979;-0.55332;-0.44452;15.71275;10.93793;13.13546;-0.98726;0.20764;0.04805;5.74279;0.20473;-0.68970;0.09508;0.08482;0.14075;0.13370;1.42889;3.11065;5.79894;0.38557;0.29784;0.13692;53.86329;28.98454;114.64642;0.09125;-0.74152;-0.79486;-0.80341;11.62531;1.18396;0.06861;-3.28369;-0.99072;-0.55859;-241.06250;-65.43750;-336.87500;0.62317;-0.33160;-0.08600;-0.12463;17.83234;16.77554;17.99677;-0.39307;1.73828;1.16846;142.50000;113.31250;474.50000;0.43024;-0.51074;-0.59692;-0.43872;16.04039;12.03932;16.53387;-0.96704;0.14478;0.09155;3.06250;-1.50000;7.84375;0.22208;-0.57927;2.79032;1.03185;-0.17215;0.15608;0.10628;11.20684;3.57721;15.52408;3.39096;2.73129;3.40599;-0.47249;-0.16470;1.73014;-0.53103;-0.79583;-1.19716;-1.22204;-2.75643;0.76201;0.84174;-0.84235;1.17676;0.54334;0.35323;-0.58588;-0.61751;-0.49408;14.77934;10.95065;8.71317;-1.05432;0.08069;-0.03394;-15.18750;-14.78125;-35.25000;0.48004;-0.45860;-0.53427;-0.38728;16.90176;12.95218;17.14365;-0.79565;0.29871;0.11633;35.39062;6.29688;40.34375
1.0;0.39177;-0.54251;-0.56722;-0.39115;15.26625;11.72214;11.25896;-0.92268;0.31589;0.02185;1.01203;-3.19752;-2.98233;0.12078;0.08676;0.12924;0.19675;2.17910;2.64879;7.14425;0.39046;0.31745;0.11028;42.51732;35.50826;108.13407;-0.01917;-0.74390;-0.74384;-0.80579;9.24228;5.12403;0.02062;-2.81738;-0.63916;-0.67480;-251.87500;-85.50000;-304.62500;0.54327;-0.36993;-0.16333;0.01556;17.79865;14.06692;17.99450;0.00391;1.44482;0.64160;221.00000;143.43750;418.56250;0.43414;-0.51263;-0.59094;-0.43896;16.23916;12.48169;16.60852;-0.95557;0.18652;0.05273;-0.25000;0.62500;7.43750;2.86531;0.34137;2.48809;-0.08626;0.78589;0.86791;-1.38670;8.40180;0.80837;10.00529;11.17325;3.25837;2.85258;-1.94290;-0.78320;1.72718;0.19293;-1.33434;-1.56506;-0.59579;-1.77260;0.93253;-1.23522;-0.70050;0.85816;-0.03003;0.40762;-0.56717;-0.65106;-0.45593;14.28783;12.07913;1.54999;-0.97876;0.15625;-0.02271;-11.68750;-20.00000;-19.09375;0.45279;-0.50394;-0.57416;-0.27036;16.85107;13.36455;17.19563;-0.78687;0.47998;0.07666;12.00000;6.87500;38.75000
1.0;0.43295;-0.53669;-0.58960;-0.30970;15.03696;12.42397;8.73939;-0.92401;0.31405;-0.03708;-1.11466;4.40618;4.21598;0.15096;0.09547;0.10709;0.19409;2.46086;2.83451;7.50924;0.45641;0.27427;0.17039;45.65053;37.07142;118.10654;-0.04993;-0.79065;-0.76208;-0.78772;6.83351;2.37375;0.00388;-2.91455;-1.20898;-0.93652;-288.25000;-85.43750;-327.31250;0.63434;-0.33868;-0.16260;0.23041;17.91975;16.08598;17.99409;0.21680;1.17090;0.72754;197.62500;170.00000;418.87500;0.48651;-0.51221;-0.62750;-0.35559;15.86993;13.02569;8.68448;-0.95166;0.23242;0.01074;-3.56250;1.62500;6.37500;1.62445;-0.61284;4.69876;0.56325;1.48880;2.34889;-1.79367;4.04506;3.65883;5.11143;7.52064;2.78244;3.06159;-1.61064;-0.52771;1.95968;0.22807;-1.46155;-1.76090;0.16827;-0.97311;0.19265;-1.47622;-0.64743;1.05798;0.09853;0.41559;-0.59534;-0.63977;-0.40356;14.21254;12.19322;1.50347;-1.03467;0.16309;-0.11572;-16.06250;-6.06250;-14.37500;0.52460;-0.45837;-0.55701;-0.16028;16.78050;13.88105;17.43030;-0.76904;0.44922;0.08252;9.87500;11.50000;33.87500
1.0;0.22567;-0.03274;-0.20689;0.00643;15.44724;11.94622;12.33611;-0.91582;0.27603;-0.00654;-27.16334;9.43010;-0.89001;0.39892;0.50750;0.52457;0.46183;2.40278;2.20965;6.14595;0.43894;0.29379;0.23494;67.78304;39.27368;107.58273;-0.49414;-0.76965;-0.78754;-0.58838;6.71987;4.96003;0.01117;-3.24902;-0.68115;-1.54102;-372.25000;-64.12500;-330.62500;0.85181;0.72717;0.70801;0.82898;17.89056;16.00258;17.99528;0.67871;1.45752;1.41846;152.75000;225.62500;489.75000;0.42184;-0.28351;-0.56808;-0.14023;16.40311;12.47206;15.43820;-0.94238;0.19922;0.03589;-8.15625;2.53125;3.46875;-1.13619;-1.74167;-1.30452;-1.53233;3.22258;2.31658;-0.45724;6.77878;1.04370;9.70093;3.40333;6.19819;4.26974;-0.56448;0.25829;0.64176;0.33307;-1.95196;-1.51088;-0.98023;-1.21214;0.60532;-1.81549;-1.22981;1.95063;0.25291;-0.19302;-0.48886;-0.61739;-0.41219;15.33245;11.42794;9.26815;-0.99805;0.11487;-0.06616;-60.14062;-7.37500;-24.82812;0.49400;0.52832;0.35432;0.45624;16.85254;13.05869;17.34877;-0.77087;0.45056;0.10071;7.56250;19.43750;30.32812
1.0;0.33115;-0.67615;-0.48175;-0.34505;14.50603;14.01479;3.15943;-0.85904;0.38968;-0.24742;-0.27987;3.17743;-1.63473;0.14511;0.13844;0.11896;0.16646;1.88768;2.86447;5.24939;0.44213;0.24477;0.22735;50.80495;62.71232;78.42937;0.02075;-0.87500;-0.69708;-0.90308;9.60781;0.78225;0.02285;-3.58447;-0.48340;-1.47705;-385.68750;-167.56250;-193.18750;0.61823;-0.27795;-0.09076;0.01947;17.87100;17.99908;17.99660;-0.23047;1.79736;0.65039;182.75000;396.87500;396.68750;0.34174;-0.65265;-0.48004;-0.36426;14.47880;14.62065;0.88745;-0.82568;0.35449;-0.19580;1.00000;1.31250;-1.18750;-1.22174;-0.69284;0.87014;1.58184;-0.91866;7.69498;2.67702;13.46537;2.90932;2.97046;12.21270;13.98596;5.59540;-0.12425;0.26853;0.89596;-0.85759;-0.37378;-2.86576;2.03216;-2.93676;0.66538;-1.05040;-2.04466;2.39860;1.08219;0.18951;-0.81573;-0.57806;-0.41974;12.99462;14.00790;0.33198;-0.96680;0.21875;-0.42188;-11.25000;-24.56250;-28.50000;0.45966;-0.56586;-0.41760;-0.21234;16.32149;15.34231;1.99654;-0.55713;0.57178;-0.08398;21.81250;17.62500;17.50000
1.0;-0.35685;0.63785;0.48524;0.40038;15.26440;13.60232;3.93572;-0.92330;0.32581;-0.17364;1.54536;2.86722;-2.78802;0.13123;0.12439;0.12105;0.15042;1.67253;2.96735;5.92130;0.39764;0.23358;0.20126;48.21549;56.00136;82.83310;-0.60852;0.37024;0.15393;0.07001;10.83353;1.18879;0.00253;-3.47607;-1.16748;-1.22266;-312.43750;-135.00000;-204.81250;-0.06104;0.84613;0.65430;0.85352;17.86199;16.50055;17.99832;-0.31494;1.78467;0.60791;222.31250;334.18750;404.62500;-0.35727;0.65720;0.50403;0.39032;15.69688;14.20294;1.08755;-0.90552;0.26221;-0.10327;1.50000;0.56250;2.65625;-0.98102;-0.99103;0.02408;1.24250;-0.24310;4.32768;0.71424;19.01983;9.15365;4.67146;8.88927;11.92545;5.07001;0.13109;-0.21367;-0.84114;0.62849;-0.83084;-2.30223;1.52504;-3.67016;1.00335;-1.57638;-0.95591;2.27532;1.11047;-0.47232;0.52765;0.42499;0.32501;14.20692;13.91253;0.45115;-0.99939;0.19971;-0.25403;-14.70312;-16.07812;-33.29688;-0.24429;0.74173;0.58551;0.46893;16.53143;14.95247;2.12771;-0.74841;0.40759;-0.04065;24.15625;12.92188;22.43750
1.0;0.38730;-0.60268;-0.50541;-0.37645;14.91714;13.68911;3.99693;-0.94653;0.30267;-0.17234;-0.35778;5.23727;-0.57017;0.13309;0.13288;0.14922;0.17901;2.15424;3.19751;5.34539;0.52610;0.24345;0.25130;50.57395;68.78557;98.09885;0.10010;-0.84277;-0.83899;-0.93250;10.31887;3.93790;0.02337;-4.01367;-0.75537;-1.35596;-329.50000;-185.18750;-216.31250;0.58124;-0.16553;-0.02515;-0.02490;17.95940;16.79796;17.99429;-0.17578;1.51465;0.40527;123.06250;398.25000;408.37500;0.43802;-0.59311;-0.50021;-0.38724;15.79144;14.53421;1.67002;-0.91602;0.23828;-0.11499;3.53125;3.87500;-1.53125;-0.87299;1.05216;2.08635;1.84198;-0.70838;2.18401;1.60968;11.28989;3.76333;3.35607;13.73731;12.21000;3.54561;-0.64257;0.42304;0.56145;-0.85462;-0.82451;-1.73784;1.71417;-2.78062;0.82978;-1.01419;-2.58330;2.06785;0.86347;0.28822;-0.67178;-0.56808;-0.42686;13.34835;13.60979;0.67046;-1.03906;0.16479;-0.33936;-14.60938;-12.31250;-30.57812;0.49376;-0.52760;-0.43951;-0.28596;16.44473;15.37542;2.92123;-0.73755;0.39612;-0.04358;24.56250;20.67188;31.34375
1.0;-0.78288;0.15944;-0.54722;-0.17613;2.35055;14.02885;8.07569;0.94922;0.11879;-0.31004;0.15594;0.90979;-2.21667;0.08404;0.10260;0.09211;0.07230;1.22579;5.81987;2.21790;0.26678;0.18959;0.19043;43.11289;40.08037;67.00500;-0.93048;-0.19861;-0.74451;-0.39368;0.14469;0.00113;0.11080;0.36670;-1.23779;-1.35645;-107.50000;-184.37500;-407.81250;-0.41809;0.52191;-0.24487;-0.07361;6.75787;17.98818;17.47234;2.61328;1.38525;0.91064;429.00000;117.18750;192.12500;-0.80688;0.15268;-0.54123;-0.15262;2.26514;16.62432;8.29254;0.91064;0.06445;-0.37305;-2.65625;-0.84375;-1.53125;5.04941;3.88720;0.62659;-0.16710;1.43373;0.69597;3.67484;14.10838;8.03086;4.04921;32.37790;4.22606;12.32557;1.95999;0.25713;0.38433;-0.89134;0.98101;-1.53889;-1.29197;3.13483;0.60469;0.82316;4.38923;-0.52965;-2.16125;-0.82834;0.11646;-0.60719;-0.21820;1.53220;14.71944;7.72098;0.83984;0.01611;-0.41211;-15.71875;-14.28125;-16.09375;-0.75963;0.20288;-0.51389;-0.12650;2.62935;17.67900;9.17630;0.96936;0.21558;-0.24048;8.39062;16.93750;16.14062
1.0;-0.76205;0.09412;-0.57484;-0.14195;2.27759;13.30387;8.70631;0.96679;0.12500;-0.24697;-1.09150;3.64717;-5.93738;0.09656;0.17091;0.10413;0.10260;1.22116;5.75069;2.97937;0.26704;0.20446;0.17376;67.28426;48.30347;62.29783;-0.93933;-0.30542;-0.79761;-0.45050;0.54037;0.00170;0.36091;0.44287;-0.92188;-0.73730;-152.18750;-188.37500;-346.06250;-0.40997;0.52789;-0.23236;0.20044;6.65106;17.95458;17.42749;2.51318;1.74561;0.25195;561.87500;171.25000;131.12500;-0.78363;0.12054;-0.57312;-0.14020;1.96328;15.99340;9.00390;0.90771;0.12061;-0.28857;-6.68750;0.37500;-1.75000;3.27323;0.48459;1.99212;2.20856;3.67203;0.39824;1.12495;10.03460;14.88249;-0.31278;30.25593;3.92163;9.28463;1.61573;-0.23562;0.90068;0.75135;1.84988;-1.39226;-1.08434;2.67412;1.44853;0.42863;4.40417;-0.11468;-2.31878;-0.81824;0.02258;-0.64209;-0.20612;1.66120;12.86301;7.72519;0.84863;0.04150;-0.38232;-26.31250;-13.43750;-17.43750;-0.73389;0.19049;-0.53033;-0.10986;2.55808;17.15246;10.97957;1.01416;0.20850;-0.11816;14.37500;22.12500;17.93750
1.0;-0.40829;0.53718;0.57915;0.36589;15.38432;11.92807;11.32607;-0.93113;0.26105;0.00427;-5.15291;1.29536;0.46010;0.13360;0.08736;0.09644;0.20149;2.55095;2.56254;6.99310;0.40129;0.25634;0.15087;48.63861;33.57986;113.78437;-0.55688;0.41821;0.21790;-0.33673;5.66874;1.89360;0.00165;-2.58398;-1.23242;-0.57861;-368.18750;-140.00000;-341.31250;0.11096;0.75824;0.76221;0.74823;17.86838;15.58347;17.98430;0.42773;1.03467;0.29297;133.68750;166.62500;411.62500;-0.45230;0.50287;0.59995;0.43048;16.45199;12.05670;16.15337;-0.95752;0.17188;0.07275;-1.15625;0.96875;4.96875;4.53928;-0.75080;4.88366;2.57579;3.86508;2.37004;-1.44627;3.73209;4.21443;1.57987;13.69107;6.23571;2.98757;2.27595;0.81303;-2.07048;-1.37498;-2.07812;-1.61015;-0.61594;0.15189;-0.15514;-1.34187;-2.72841;-0.03598;-0.29051;-0.47215;0.47195;0.56967;0.30524;15.22864;11.59354;1.84955;-0.98584;0.13562;-0.07336;-11.20312;-2.43750;-20.00000;-0.42163;0.62648;0.62656;0.45883;16.89814;13.60967;16.80683;-0.86255;0.36865;0.11389;11.00000;6.76562;37.37500
