1441975725265507;0.1031494140625;-0.603515625;-0.78717041015625;-0.074462890625;10.461117095710643;12.750462834130664;0.021535747912141495;-1.7607421875;-0.12451171875;-0.19140625;-394.25;102.5;183.875;
1441975725286508;0.09832763671875;-0.5679931640625;-0.8160400390625;-0.04327392578125;10.21001253564604;12.49668911782524;0.12036309858920088;-1.68505859375;-0.3662109375;-0.34326171875;-371.8125;79.8125;182.0;
1441975725308509;0.09332275390625;-0.55078125;-0.82928466796875;-0.0174560546875;10.002024109954892;12.377928210415936;0.21502137028248605;-1.404296875;-0.3388671875;-0.3134765625;-279.3125;45.9375;172.5;
1441975725325510;0.08905029296875;-0.54925537109375;-0.8309326171875;0.0025634765625;9.834676766748947;12.368137013510392;0.2960837310339667;-0.98583984375;-0.3095703125;-0.26416015625;-138.9375;42.0625;147.1875;
1441975725346511;0.0921630859375;-0.55987548828125;-0.8233642578125;0.01373291015625;9.78384457016151;12.446537573561654;0.36478906609720013;-0.7470703125;0.00927734375;-0.05078125;-23.5625;36.9375;119.75;
1441975725368512;0.0970458984375;-0.57159423828125;-0.81451416015625;0.0230712890625;9.756795873062845;12.534514942039078;0.43081073667034586;-0.64697265625;0.3115234375;0.083984375;66.8125;37.6875;87.3125;
1441975725385513;0.1036376953125;-0.5765380859375;-0.809814453125;0.0335693359375;9.741980851335803;12.577674859005509;0.504890589092007;-0.5107421875;0.580078125;0.18505859375;78.5;46.5;63.125;
1441975725406515;0.11492919921875;-0.57177734375;-0.81121826171875;0.0430908203125;9.78846413870929;12.558312216201035;0.5863458718208178;-0.3515625;0.85693359375;0.189453125;27.0625;60.9375;46.3125;
1441975725428516;0.12945556640625;-0.55902099609375;-0.81756591796875;0.04925537109375;9.900909014131841;12.488444686729348;0.6591619118327028;-0.2998046875;0.94140625;0.17822265625;-39.5625;78.9375;14.5625;
1441975725445517;0.146484375;-0.5447998046875;-0.823974609375;0.05316162109375;10.057190681878733;12.414948772540523;0.7282542122314775;-0.36083984375;0.78759765625;0.22998046875;-84.125;80.75;-14.1875;
1441975725465518;0.16455078125;-0.535888671875;-0.8262939453125;0.05487060546875;10.230525488752097;12.382557410834922;0.7930734695306546;-0.44287109375;0.69482421875;0.35302734375;-80.1875;85.0;-28.9375;
1441975725488519;0.1824951171875;-0.531005859375;-0.82574462890625;0.05389404296875;10.413132252153094;12.380200881319213;0.8477903318830694;-0.5;0.7119140625;0.33740234375;-42.3125;83.625;-35.625;
1441975725505520;0.1993408203125;-0.5263671875;-0.82501220703125;0.05133056640625;10.595355291537306;12.379811786008526;0.8918931867707888;-0.5048828125;0.7998046875;0.2724609375;-18.125;75.625;-46.0;
1441975725526521;0.21575927734375;-0.5198974609375;-0.8251953125;0.04742431640625;10.786424369179628;12.368145638194548;0.9268895158811624;-0.49169921875;0.88330078125;0.2265625;-20.3125;65.9375;-54.25;
1441975725548523;0.231689453125;-0.5128173828125;-0.82562255859375;0.04205322265625;10.9841342898452;12.352668661359653;0.9525848904180031;-0.52685546875;0.84912109375;0.23291015625;-29.5625;58.9375;-61.0;
1441975725565524;0.24688720703125;-0.50946044921875;-0.8236083984375;0.03509521484375;11.177070977370782;12.362812362936204;0.9728710659866225;-0.5947265625;0.73486328125;0.2822265625;-25.3125;52.125;-63.0625;
1441975725586525;0.2615966796875;-0.50970458984375;-0.8192138671875;0.02691650390625;11.364954399790479;12.398531277026526;0.9915438578799346;-0.625;0.724609375;0.31640625;3.5625;47.3125;-62.75;
1441975725608526;0.27606201171875;-0.51129150390625;-0.813720703125;0.01806640625;11.551570982971459;12.445266359016525;1.0101616879716844;-0.63720703125;0.779296875;0.28125;26.4375;44.125;-64.3125;
1441975725624527;0.29071044921875;-0.50958251953125;-0.809814453125;0.0089111328125;11.74988471499155;12.47144613067018;1.025183529747199;-0.642578125;0.880859375;0.21923828125;31.875;42.1875;-69.375;
1441975725646528;0.30474853515625;-0.50567626953125;-0.80712890625;3.0517578125E-4;11.944683322837694;12.482369223433409;1.0380922293869765;-0.7001953125;0.845703125;0.21435546875;13.3125;39.375;-74.375;
1441975725668530;0.31903076171875;-0.5018310546875;-0.80401611328125;-0.00830078125;12.141797093733969;12.496486601171455;1.0535458666710897;-0.72265625;0.77099609375;0.24267578125;2.4375;37.5;-72.5;
1441975725684531;0.33416748046875;-0.4989013671875;-0.79949951171875;-0.0172119140625;12.346799270511253;12.523371011208958;1.075583243480021;-0.7392578125;0.65673828125;0.2197265625;5.125;39.375;-70.125;
1441975725706532;0.3499755859375;-0.496826171875;-0.79376220703125;-0.02679443359375;12.560285739492553;12.562206386003131;1.1023034624561987;-0.8076171875;0.59033203125;0.1494140625;11.9375;42.0;-68.5625;
1441975725728533;0.36590576171875;-0.495849609375;-0.7867431640625;-0.03759765625;12.780327488139756;12.61359126100105;1.1301158067996604;-0.89501953125;0.56396484375;0.09423828125;18.375;43.375;-68.1875;
1441975725744534;0.381591796875;-0.495849609375;-0.77850341796875;-0.0499267578125;13.006288630448278;12.676152771883471;1.1566501608499105;-0.9501953125;0.533203125;0.0546875;28.4375;41.625;-70.25;
1441975725767535;0.39715576171875;-0.4964599609375;-0.769287109375;-0.06378173828125;13.24023405383873;12.747863682558844;1.182369499893456;-0.9794921875;0.54052734375;0.01220703125;38.375;38.4375;-75.9375;
1441975725796537;0.4134521484375;-0.49688720703125;-0.75885009765625;-0.07940673828125;13.494355794766882;12.828802853083035;1.21096844703334;-0.98681640625;0.55712890625;-0.02294921875;45.6875;35.875;-84.25;
1441975725804537;0.4273681640625;-0.49627685546875;-0.7496337890625;-0.09576416015625;13.73705611741413;12.894072637009224;1.223797946027046;-1.01123046875;0.54150390625;-0.11279296875;49.375;34.0;-95.9375;
1441975725827539;0.44097900390625;-0.49603271484375;-0.73907470703125;-0.11541748046875;14.0021522825324;12.966164549776902;1.2270507763317546;-1.1240234375;0.44873046875;-0.1875;52.5625;30.375;-109.5;
1441975725848540;0.453369140625;-0.49798583984375;-0.7261962890625;-0.1385498046875;14.278669749992497;13.057642459968573;1.2223540169220948;-1.21630859375;0.33154296875;-0.1787109375;66.875;23.1875;-120.6875;
1441975725864541;0.4652099609375;-0.50152587890625;-0.71063232421875;-0.1646728515625;14.572143024419708;13.172927322572107;1.219461833647198;-1.1650390625;0.3251953125;-0.1513671875;93.0;16.6875;-129.375;
1441975725887542;0.4769287109375;-0.504150390625;-0.69378662109375;-0.19268798828125;14.886792749855227;13.295715125843964;1.2195009394207605;-1.13037109375;0.36669921875;-0.1591796875;115.6875;14.5;-140.125;
1441975725908543;0.4876708984375;-0.50567626953125;-0.67584228515625;-0.2230224609375;15.221489402513738;13.420282013975566;1.214424504423948;-1.2080078125;0.37255859375;-0.18212890625;120.6875;10.875;-151.4375;
1441975725924544;0.49676513671875;-0.50677490234375;-0.6566162109375;-0.25555419921875;15.56912128927934;13.549713925081642;1.2034370707048532;-1.27392578125;0.28857421875;-0.19921875;127.5625;2.25;-161.5625;
1441975725947546;0.504638671875;-0.50653076171875;-0.63702392578125;-0.2882080078125;15.919838048483232;13.680558406257822;1.1962880161851017;-1.28173828125;0.2919921875;-0.14794921875;138.0;-6.0;-169.6875;
1441975725968547;0.51312255859375;-0.50335693359375;-0.61767578125;-0.31927490234375;16.278248712743085;13.821989230483892;1.2184796645803244;-1.20263671875;0.36376953125;-0.1162109375;136.875;-11.1875;-173.5625;
1441975725984548;0.522705078125;-0.49749755859375;-0.598388671875;-0.34820556640625;16.640585644947937;14.00732693208804;1.3043995787031182;-1.12646484375;0.353515625;-0.0576171875;120.375;-8.875;-179.4375;
1441975726007549;0.53228759765625;-0.4892578125;-0.57952880859375;-0.376220703125;17.006109805770496;14.26085739620537;1.4710080243326935;-1.11962890625;0.341796875;-0.07275390625;102.3125;-4.125;-184.125;
1441975726028550;0.540771484375;-0.47900390625;-0.56219482421875;-0.40264892578125;17.357100560260022;14.648208383814072;1.7845095652316132;-1.22119140625;0.19091796875;-0.103515625;90.3125;-7.6875;-185.5;
1441975726044551;0.54815673828125;-0.46905517578125;-0.54486083984375;-0.4273681640625;17.66111396735052;15.693849519944255;2.758207494556225;-1.19482421875;0.14013671875;-0.025390625;76.9375;-14.5625;-180.4375;
1441975726067552;0.5545654296875;-0.45965576171875;-0.52783203125;-0.4501953125;17.770216769062735;1.0281055732750914;6.023102615788618;-1.09130859375;0.14599609375;0.013671875;75.0;-12.5;-172.8125;
1441975726088554;0.55963134765625;-0.45037841796875;-0.51226806640625;-0.470703125;17.582288238203756;3.194886812865687;8.127645031627267;-1.11474609375;0.0751953125;-0.0146484375;72.6875;-10.4375;-161.375;
1441975726104555;0.56298828125;-0.44140625;-0.498779296875;-0.4893798828125;17.35021882599723;3.9002115223601903;8.776306896067313;-1.17138671875;0.0341796875;-0.033203125;64.9375;-13.1875;-146.9375;
1441975726127556;0.56512451171875;-0.43310546875;-0.487060546875;-0.505859375;17.13454858363752;4.236455345152886;9.061898576239631;-1.197265625;-0.0107421875;-0.03662109375;59.375;-19.125;-130.8125;
1441975726148557;0.56549072265625;-0.42706298828125;-0.47784423828125;-0.5191650390625;16.96842311629531;4.4312829676545595;9.210711449259993;-1.1484375;-0.03515625;-0.0205078125;53.375;-21.125;-114.4375;
1441975726164558;0.56494140625;-0.4228515625;-0.47052001953125;-0.52984619140625;16.84180506607874;4.559413074744838;9.297787990726038;-1.06494140625;-0.02734375;9.765625E-4;47.9375;-19.0625;-96.0625;
1441975726195560;0.56304931640625;-0.42041015625;-0.46490478515625;-0.53863525390625;16.752524333783995;4.665801975830667;9.364422836108627;-1.05517578125;-0.0087890625;4.8828125E-4;42.6875;-16.8125;-77.5625;
1441975726216561;0.55926513671875;-0.419677734375;-0.45989990234375;-0.54736328125;16.686151567776392;4.780329104342536;9.430655966805585;-1.06005859375;0.0380859375;-0.01171875;41.1875;-17.125;-62.875;
1441975726224561;0.55316162109375;-0.4212646484375;-0.45574951171875;-0.55572509765625;16.651499538859238;4.907851524342556;9.499940875858387;-1.0458984375;0.068359375;-0.00439453125;50.125;-19.3125;-53.3125;
1441975726255563;0.54742431640625;-0.423583984375;-0.4532470703125;-0.561767578125;16.64190397521791;5.014107887502313;9.55830394584931;-1.0126953125;0.2060546875;-0.02880859375;60.125;-21.6875;-46.25;
1441975726268564;0.54400634765625;-0.42425537109375;-0.453125;-0.56463623046875;16.641823908371265;5.092181006494233;9.615952129927685;-0.99658203125;0.35205078125;-0.0732421875;49.8125;-21.9375;-42.75;
1441975726284565;0.54315185546875;-0.4224853515625;-0.45404052734375;-0.5660400390625;16.627676384370908;5.146002631060834;9.671010158653623;-1.00244140625;0.42822265625;-0.09130859375;22.125;-22.875;-43.0;
1441975726307566;0.5416259765625;-0.419677734375;-0.45379638671875;-0.56976318359375;16.587410488097262;5.22456425906042;9.74183046261248;-1.0185546875;0.3447265625;-0.11181640625;0.8125;-25.5;-44.25;
1441975726328567;0.5369873046875;-0.41888427734375;-0.45184326171875;-0.57623291015625;16.546459452349744;5.338148747902568;9.819993247093795;-0.99853515625;0.21875;-0.05078125;9.8125;-29.1875;-47.125;
1441975726352569;0.5302734375;-0.4207763671875;-0.4481201171875;-0.58392333984375;16.515771216004055;5.451613526674492;9.875613918594423;-0.87646484375;0.2392578125;-0.01220703125;36.9375;-28.9375;-45.5625;
1441975726367570;0.5228271484375;-0.42376708984375;-0.44464111328125;-0.59112548828125;16.498990732280742;5.5664761518180255;9.929432737193935;-0.828125;0.2392578125;-0.033203125;58.9375;-25.125;-40.5625;
1441975726388571;0.5155029296875;-0.42608642578125;-0.44268798828125;-0.59735107421875;16.487736796862386;5.692627515283372;10.004045049452001;-0.90234375;0.201171875;-0.07275390625;62.6875;-26.25;-32.1875;
1441975726404572;0.50848388671875;-0.42828369140625;-0.44232177734375;-0.60205078125;16.489082635371027;5.82271862537534;10.09283989346896;-0.8994140625;0.13330078125;-0.0400390625;53.75;-29.5625;-21.75;
1441975726427573;0.501953125;-0.43115234375;-0.4434814453125;-0.60455322265625;16.51306565415978;5.94872566828426;10.187836900235347;-0.8359375;0.06982421875;-0.0087890625;44.25;-28.0;-8.3125;
1441975726455575;0.49578857421875;-0.435302734375;-0.446533203125;-0.60443115234375;16.568944711854652;6.078823806533904;10.29745857562287;-0.78955078125;0.02587890625;0.01806640625;33.6875;-21.75;7.9375;
1441975726465575;0.48974609375;-0.44073486328125;-0.45135498046875;-0.60186767578125;16.654774340371038;6.226391827749479;10.43347820226662;-0.78369140625;0.01025390625;0.025390625;23.3125;-14.9375;25.75;
1441975726487576;0.48358154296875;-0.447021484375;-0.45782470703125;-0.59735107421875;16.761813156962795;6.412291046253461;10.615467643266287;-0.82666015625;0.00732421875;0.02490234375;15.25;-9.875;41.9375;
1441975726508578;0.47686767578125;-0.45452880859375;-0.46563720703125;-0.59100341796875;16.88874512935324;6.663118179177551;10.866455915193498;-0.85888671875;0.0;0.0283203125;8.375;-7.0625;57.0625;
1441975726532579;0.4697265625;-0.46319580078125;-0.47454833984375;-0.58282470703125;17.028751740474693;7.011729156598259;11.21908297679605;-0.85107421875;0.02685546875;0.02294921875;4.4375;-3.8125;71.0;
1441975726546580;0.46234130859375;-0.4727783203125;-0.48419189453125;-0.57305908203125;17.167691902582753;7.507283350220787;11.721944520881003;-0.85205078125;0.044921875;0.02099609375;1.25;0.75;84.75;
1441975726568581;0.45416259765625;-0.48223876953125;-0.4942626953125;-0.56304931640625;17.268572803937587;8.20865841155518;12.430510668431916;-0.87890625;0.0478515625;-9.765625E-4;-1.375;4.375;96.4375;
1441975726584582;0.44482421875;-0.49267578125;-0.5042724609375;-0.55242919921875;17.316640387902268;9.130480894737293;13.354850478961371;-0.9013671875;0.0302734375;0.00439453125;-0.9375;7.0;106.75;
1441975726606583;0.43438720703125;-0.5042724609375;-0.51416015625;-0.541015625;17.287898516678165;10.152358115229069;14.3745773366385;-0.873046875;0.037109375;0.0185546875;4.4375;8.9375;114.9375;
1441975726630585;0.42401123046875;-0.51568603515625;-0.52459716796875;-0.5283203125;17.177875526076807;11.02908702069372;15.25498840227904;-0.828125;0.08935546875;0.02001953125;9.0625;12.125;122.25;
1441975726644585;0.4141845703125;-0.52606201171875;-0.53594970703125;-0.51434326171875;17.00759716716963;11.654691749805705;15.895033219769838;-0.83837890625;0.14013671875;0.0185546875;4.0625;14.25;127.1875;
1441975726667587;0.4051513671875;-0.5350341796875;-0.5482177734375;-0.4991455078125;16.802718614934044;12.07052588874444;16.33769868022416;-0.88525390625;0.15869140625;0.015625;-7.0;14.25;130.0;
1441975726697588;0.3968505859375;-0.5428466796875;-0.560791015625;-0.483154296875;16.58275810882029;12.349040035572019;16.651668072731216;-0.92041015625;0.18359375;0.0341796875;-18.9375;14.3125;131.1875;
1441975726704589;0.38934326171875;-0.5498046875;-0.57293701171875;-0.46685791015625;16.362085447926138;12.544367239019229;16.88695523326114;-0.9453125;0.20849609375;0.04296875;-27.75;15.375;129.875;
1441975726726590;0.3824462890625;-0.55584716796875;-0.58453369140625;-0.45074462890625;16.14629676143031;12.681404108444772;17.066420441252294;-1.01806640625;0.22021484375;0.0439453125;-31.6875;17.3125;126.0625;
1441975726750591;0.3756103515625;-0.561279296875;-0.5958251953125;-0.4346923828125;15.9306887009764;12.780312835273401;17.208861233402736;-1.0947265625;0.1962890625;0.056640625;-34.1875;17.625;122.0625;
1441975726764592;0.36895751953125;-0.566162109375;-0.6068115234375;-0.41851806640625;15.716560767781575;12.854485501873958;17.328442145092623;-1.09521484375;0.1611328125;0.07568359375;-35.1875;16.8125;120.3125;
1441975726786594;0.3626708984375;-0.57086181640625;-0.61712646484375;-0.4022216796875;15.506907975143731;12.916870170081479;17.43656797891998;-1.03564453125;0.12158203125;0.10302734375;-36.5625;18.125;119.125;
1441975726809595;0.35675048828125;-0.575439453125;-0.6265869140625;-0.3861083984375;15.304364426992533;12.970678928795522;17.534867654792677;-0.97607421875;0.10498046875;0.12548828125;-35.75;21.125;117.1875;
1441975726824596;0.35125732421875;-0.5794677734375;-0.63543701171875;-0.37030029296875;15.110411399025375;13.013105001777312;17.622348693183206;-0.95751953125;0.12353515625;0.1357421875;-33.5625;23.1875;113.25;
1441975726846597;0.34674072265625;-0.58203125;-0.6444091796875;-0.354736328125;14.928776269278373;13.037451029830256;17.699027013734206;-0.96337890625;0.16796875;0.11572265625;-34.3125;23.625;107.75;
1441975726871598;0.34521484375;-0.5816650390625;-0.65264892578125;-0.341552734375;14.79783800400828;13.038269265298137;17.76078715193636;-0.9775390625;0.21484375;0.10888671875;-41.5;23.0625;101.25;
1441975726884599;0.344970703125;-0.57989501953125;-0.66033935546875;-0.32989501953125;14.693674959694444;13.027464051312068;17.81300329591711;-0.99560546875;0.2373046875;0.09765625;-49.6875;21.0625;92.3125;
1441975726906600;0.34527587890625;-0.57757568359375;-0.66717529296875;-0.31964111328125;14.608517554770078;13.012581730841312;17.857900772486524;-1.02587890625;0.23486328125;0.10107421875;-52.5;19.0;80.9375;
1441975726930602;0.34600830078125;-0.57550048828125;-0.6727294921875;-0.310791015625;14.540602252168158;13.001866211386147;17.899572524665405;-0.98974609375;0.234375;0.11572265625;-49.1875;17.75;70.4375;
1441975726951603;0.347412109375;-0.5738525390625;-0.67669677734375;-0.30352783203125;14.493543322266822;12.998581813349196;17.939830577515973;-0.90673828125;0.248046875;0.13232421875;-41.9375;18.75;59.0;
1441975726966604;0.3497314453125;-0.57232666015625;-0.67901611328125;-0.29840087890625;14.473910996978603;13.000043661227648;17.975600291682383;-0.84228515625;0.2705078125;0.13232421875;-32.75;20.625;44.875;
1441975726990605;0.3529052734375;-0.5706787109375;-0.68023681640625;-0.29522705078125;14.478542911261776;13.002408173277109;0.005675147664849588;-0.8212890625;0.2919921875;0.13525390625;-24.5;20.5;29.0;
1441975727011606;0.35736083984375;-0.56829833984375;-0.6805419921875;-0.29376220703125;14.510506465752401;13.002978746716025;0.03174691975239442;-0.80615234375;0.3271484375;0.13330078125;-19.0;19.375;14.0;
1441975727034608;0.36334228515625;-0.5650634765625;-0.6798095703125;-0.2943115234375;14.574644108808355;13.00155177457508;0.053295379565916415;-0.7919921875;0.3408203125;0.134765625;-17.875;19.875;-1.5625;
1441975727050609;0.37078857421875;-0.56109619140625;-0.6778564453125;-0.29705810546875;14.672018763924655;12.999312298897234;0.06980869833475829;-0.80615234375;0.34326171875;0.13037109375;-16.5625;19.75;-17.875;
1441975727071610;0.37896728515625;-0.5567626953125;-0.67474365234375;-0.30194091796875;14.795045559578812;12.9961889948034;0.07841692120138016;-0.83642578125;0.318359375;0.10791015625;-13.875;18.25;-33.625;
1441975727086611;0.38775634765625;-0.55218505859375;-0.67059326171875;-0.30853271484375;14.939052866328266;12.993188200362642;0.08116611366959944;-0.837890625;0.3115234375;0.10107421875;-8.6875;15.75;-47.375;
1441975727109612;0.39697265625;-0.54705810546875;-0.6654052734375;-0.31695556640625;15.104584664830927;12.986215211962476;0.07412881936374448;-0.83349609375;0.31689453125;0.09130859375;-4.1875;14.25;-60.5625;
1441975727131613;0.40667724609375;-0.5413818359375;-0.6593017578125;-0.32696533203125;15.290010558355739;12.974470249926597;0.05784205801567877;-0.841796875;0.3134765625;0.09619140625;0.4375;12.0625;-73.125;
1441975727146614;0.416748046875;-0.5350341796875;-0.6524658203125;-0.33831787109375;15.492452616175651;12.954446978021544;0.030193623339107745;-0.87158203125;0.3046875;0.0869140625;3.5;9.5;-84.3125;
1441975727169615;0.42608642578125;-0.52862548828125;-0.64520263671875;-0.35040283203125;15.695970134192711;12.924695284018979;17.987693527783577;-0.9072265625;0.28955078125;0.07568359375;5.6875;6.375;-93.8125;
1441975727191617;0.4351806640625;-0.52197265625;-0.63720703125;-0.363525390625;15.908021091792216;12.882704911121177;17.92796871900403;-0.935546875;0.26318359375;0.0791015625;9.1875;2.8125;-101.1875;
1441975727206618;0.44384765625;-0.5152587890625;-0.628662109375;-0.3773193359375;16.123046660235737;12.825240105620622;17.84840533469804;-0.97216796875;0.24267578125;0.07421875;13.3125;0.0625;-106.3125;
1441975727237619;0.4517822265625;-0.508544921875;-0.6197509765625;-0.3914794921875;16.335246519579407;12.745137414554351;17.742310493233504;-1.0146484375;0.20263671875;0.0751953125;17.375;-2.5625;-108.875;
1441975727250620;0.458740234375;-0.5023193359375;-0.61053466796875;-0.40557861328125;16.537523619074605;12.642189630746415;17.60880375323365;-1.0517578125;0.1494140625;0.08056640625;21.4375;-5.125;-108.125;
1441975727266621;0.46533203125;-0.4959716796875;-0.600830078125;-0.420166015625;16.73943328048183;12.494861772110184;17.42766262248139;-1.05908203125;0.109375;0.0859375;25.75;-6.5625;-104.625;
1441975727290622;0.4708251953125;-0.49017333984375;-0.59161376953125;-0.43377685546875;16.918299952688546;12.301992233117058;17.200806484459164;-1.0615234375;0.06787109375;0.08984375;29.6875;-7.75;-98.8125;
1441975727311624;0.4754638671875;-0.48468017578125;-0.583251953125;-0.44598388671875;17.071045241583725;12.053269753831353;16.92156129135306;-1.06787109375;0.04833984375;0.0888671875;29.875;-8.5625;-90.75;
1441975727326624;0.47955322265625;-0.47930908203125;-0.57635498046875;-0.45623779296875;17.19301215535395;11.747341756816342;16.593210343334913;-1.05712890625;0.0361328125;0.0830078125;26.8125;-9.875;-82.0625;
1441975727350626;0.48291015625;-0.47454833984375;-0.57086181640625;-0.46453857421875;17.282299315336953;11.409963090215644;16.239325615597007;-1.0380859375;0.025390625;0.08203125;19.5;-10.0625;-71.125;
1441975727370627;0.4852294921875;-0.47076416015625;-0.5665283203125;-0.47119140625;17.34088949320342;11.077328100986175;15.892561781563574;-1.0390625;0.0166015625;0.08056640625;13.5625;-9.5;-58.4375;
1441975727386628;0.48638916015625;-0.46826171875;-0.563232421875;-0.47637939453125;17.373577841580122;10.79781672566778;15.59915069862735;-1.0263671875;0.0185546875;0.0810546875;11.9375;-9.3125;-46.0625;
1441975727410629;0.486328125;-0.46710205078125;-0.56097412109375;-0.480224609375;17.385587580482703;10.608001991072932;15.394942055276365;-1.02880859375;0.029296875;0.07373046875;12.0;-9.0625;-33.4375;
1441975727431630;0.4854736328125;-0.4669189453125;-0.55975341796875;-0.48272705078125;17.38436160717444;10.512125585103687;15.286439086356278;-1.01416015625;0.07177734375;0.0673828125;13.1875;-9.0;-22.625;
1441975727446631;0.4842529296875;-0.46734619140625;-0.5594482421875;-0.48394775390625;17.375753813327762;10.494899286988623;15.260101062230712;-0.98828125;0.11083984375;0.064453125;11.5;-8.25;-13.5;
1441975727469633;0.48260498046875;-0.46820068359375;-0.5599365234375;-0.48419189453125;17.359833307555064;10.536461896552447;15.295199340979238;-0.9716796875;0.1240234375;0.06005859375;8.4375;-7.8125;-5.5;
1441975727492634;0.4805908203125;-0.46966552734375;-0.5609130859375;-0.483642578125;17.33904295533355;10.62985675037275;15.383011351695124;-0.9462890625;0.1494140625;0.05419921875;6.0;-7.375;0.8125;
1441975727506635;0.478515625;-0.4713134765625;-0.56231689453125;-0.48248291015625;17.314593167675437;10.745477966087307;15.495331041738769;-0.92626953125;0.1787109375;0.05029296875;5.0625;-6.625;5.3125;
1441975727529636;0.47650146484375;-0.47283935546875;-0.5640869140625;-0.48089599609375;17.286882683299655;10.862535741919642;15.611901948563634;-0.92138671875;0.19970703125;0.0439453125;2.75;-6.125;8.1875;
1441975727550637;0.47430419921875;-0.4744873046875;-0.56597900390625;-0.47918701171875;17.255694873914127;10.97890923428294;15.727620975695094;-0.92431640625;0.18896484375;0.04638671875;0.25;-6.0625;11.3125;
1441975727566638;0.471923828125;-0.47637939453125;-0.56787109375;-0.4774169921875;17.221931812105005;11.095517413839676;15.842523916683774;-0.92041015625;0.17724609375;0.0537109375;0.625;-5.5625;14.1875;
1441975727589639;0.46929931640625;-0.47869873046875;-0.56964111328125;-0.4755859375;17.185897375823146;11.217243172819254;15.96044222450575;-0.9267578125;0.16015625;0.06640625;2.0625;-5.1875;17.125;
1441975727611641;0.4666748046875;-0.4814453125;-0.5712890625;-0.47344970703125;17.14911561803869;11.3491846230388;16.087873912621195;-0.92431640625;0.15673828125;0.05517578125;4.375;-4.5;19.75;
1441975727626642;0.4639892578125;-0.48406982421875;-0.5731201171875;-0.47113037109375;17.108654623834692;11.470381651248937;16.20580735524054;-0.9423828125;0.14697265625;0.04443359375;4.9375;-3.3125;22.75;
1441975727649643;0.46112060546875;-0.4869384765625;-0.57501220703125;-0.46868896484375;17.064365576967944;11.589442968543477;16.320901977987486;-0.9619140625;0.1279296875;0.06103515625;4.3125;-2.8125;26.125;
1441975727672644;0.45806884765625;-0.49005126953125;-0.576904296875;-0.46612548828125;17.016599465298253;11.705864093628918;16.43248419203253;-0.966796875;0.107421875;0.06005859375;5.0625;-2.5;29.75;
1441975727695646;0.45465087890625;-0.49359130859375;-0.57879638671875;-0.46337890625;16.96332822880141;11.823870231647444;16.54390737983645;-0.98388671875;0.08642578125;0.06787109375;6.375;-1.75;33.8125;
1441975727709646;0.4510498046875;-0.49749755859375;-0.5809326171875;-0.46014404296875;16.903338075989005;11.945254914176669;16.65923678641783;-0.9921875;0.08544921875;0.07373046875;8.5;-0.9375;37.625;
1441975727738648;0.447509765625;-0.5013427734375;-0.5833740234375;-0.4561767578125;16.837903032292974;12.063778760795447;16.77508179146023;-0.9814453125;0.09423828125;0.07568359375;8.1875;0.3125;41.4375;
1441975727754649;0.444091796875;-0.505126953125;-0.58636474609375;-0.45147705078125;16.765573307959837;12.176625493287833;16.889477186530005;-0.98486328125;0.1044921875;0.07763671875;5.1875;1.875;44.75;
1441975727769650;0.4410400390625;-0.50860595703125;-0.58978271484375;-0.44610595703125;16.689866377853473;12.279818656024695;16.9993411818626;-0.97900390625;0.1240234375;0.08154296875;1.0625;3.4375;47.5625;
1441975727792651;0.4384765625;-0.51165771484375;-0.593505859375;-0.44012451171875;16.6131720385947;12.37271546468797;17.104226378280085;-0.98046875;0.14013671875;0.091796875;-3.5;5.3125;49.125;
1441975727813652;0.4365234375;-0.51422119140625;-0.59747314453125;-0.4337158203125;16.537883967131656;12.454370232492595;17.2030039247886;-0.982421875;0.15234375;0.09033203125;-8.75;6.9375;49.6875;
1441975727829653;0.43499755859375;-0.516357421875;-0.60150146484375;-0.4271240234375;16.46478722445559;12.524909581684392;17.293881882943882;-0.9775390625;0.162109375;0.08203125;-13.5;8.125;49.125;
1441975727852655;0.433837890625;-0.51806640625;-0.60540771484375;-0.420654296875;16.396178951352752;12.58385923451027;17.374799550073785;-0.96728515625;0.1689453125;0.08642578125;-16.8125;9.25;47.875;
1441975727866655;0.43316650390625;-0.51947021484375;-0.60906982421875;-0.414306640625;16.333598489731987;12.636566924174401;17.45073692924408;-0.966796875;0.16650390625;0.0849609375;-18.75;9.5625;46.1875;
1441975727889657;0.43267822265625;-0.5206298828125;-0.6124267578125;-0.40838623046875;16.276486447072383;12.680861054602675;17.51740327721297;-0.96435546875;0.16845703125;0.0751953125;-19.625;9.8125;43.375;
1441975727912658;0.43231201171875;-0.5216064453125;-0.6153564453125;-0.4029541015625;16.22538864219603;12.71900735897448;17.57618819265838;-0.95458984375;0.17431640625;0.0712890625;-19.0625;9.75;40.375;
1441975727933659;0.4322509765625;-0.52227783203125;-0.61785888671875;-0.39837646484375;16.184214965419212;12.748329542496956;17.624154159049205;-0.951171875;0.1884765625;0.07421875;-17.5625;9.25;36.375;
1441975727949660;0.4324951171875;-0.52264404296875;-0.619873046875;-0.39447021484375;16.152535505690434;12.772252150711084;17.66511321295856;-0.96044921875;0.189453125;0.07275390625;-15.875;8.375;31.3125;
1441975727972661;0.43280029296875;-0.52276611328125;-0.62152099609375;-0.39141845703125;16.128698611153396;12.788276783941871;17.695474950077806;-0.96484375;0.1943359375;0.06396484375;-14.5;7.3125;26.375;
1441975727993663;0.433349609375;-0.522705078125;-0.6224365234375;-0.3892822265625;16.116343958251882;12.801392814282899;17.719349801625878;-0.94580078125;0.19482421875;0.0703125;-12.4375;5.8125;21.4375;
1441975728009664;0.43414306640625;-0.5225830078125;-0.6226806640625;-0.38818359375;16.11539398885023;12.811894270167642;17.736430648641164;-0.94091796875;0.1953125;0.0712890625;-9.0625;5.5;15.8125;
1441975728032665;0.43511962890625;-0.5223388671875;-0.62237548828125;-0.3880615234375;16.124653290483995;12.8184390793785;17.745914187130836;-0.94873046875;0.1875;0.0693359375;-5.125;4.75;10.0625;
1441975728053666;0.43621826171875;-0.52178955078125;-0.6217041015625;-0.38861083984375;16.14169756695861;12.819606405495582;17.748225809864394;-0.95068359375;0.18896484375;0.0703125;-2.125;3.5625;4.6875;
1441975728076667;0.4376220703125;-0.52099609375;-0.62066650390625;-0.38983154296875;16.167674830592436;12.817081178068477;17.745351908709107;-0.9462890625;0.1865234375;0.0751953125;-0.3125;2.875;-0.125;
1441975728092668;0.439208984375;-0.51995849609375;-0.6192626953125;-0.39154052734375;16.200658254633975;12.811525204017043;17.73819860039703;-0.9443359375;0.18310546875;0.07666015625;1.0;2.3125;-4.75;
1441975728107669;0.4410400390625;-0.51873779296875;-0.61761474609375;-0.39373779296875;16.240181397201795;12.802698935229119;17.726828538767375;-0.95166015625;0.1865234375;0.07177734375;1.9375;1.5;-9.125;
1441975728137671;0.44317626953125;-0.51708984375;-0.61578369140625;-0.3963623046875;16.28692515601675;12.787555267788022;17.709470584313664;-0.953125;0.1953125;0.06640625;2.0625;0.8125;-13.3125;
1441975728152672;0.44537353515625;-0.51531982421875;-0.61376953125;-0.39935302734375;16.33752355527953;12.7683621057711;17.686982666023763;-0.95751953125;0.18896484375;0.0673828125;2.0;0.3125;-17.4375;
1441975728173673;0.4478759765625;-0.51336669921875;-0.61126708984375;-0.40289306640625;16.396707499085743;12.74633680905783;17.660043709597723;-0.95947265625;0.19921875;0.06640625;2.3125;-0.25;-21.1875;
1441975728189674;0.45025634765625;-0.5113525390625;-0.60845947265625;-0.406982421875;16.459692650191574;12.717612122186123;17.623760224351027;-0.96630859375;0.1875;0.06396484375;4.0625;-0.625;-24.9375;
1441975728212675;0.45263671875;-0.5093994140625;-0.6053466796875;-0.411376953125;16.52560219104625;12.686466090884599;17.58311963766228;-0.9697265625;0.18798828125;0.06396484375;6.5625;-1.5625;-28.3125;
1441975728233676;0.455078125;-0.50732421875;-0.60205078125;-0.4161376953125;16.595073097450744;12.647791787150915;17.53388661599908;-0.96044921875;0.1845703125;0.0625;8.3125;-1.6875;-30.875;
1441975728249677;0.45751953125;-0.50518798828125;-0.5985107421875;-0.4210205078125;16.66648723689845;12.604441439299197;17.47915070555468;-0.9638671875;0.18115234375;0.06884765625;9.125;-1.9375;-33.375;
1441975728278679;0.4599609375;-0.5029296875;-0.594970703125;-0.426025390625;16.738453689324054;12.551665929382027;17.415005591312614;-0.97509765625;0.1796875;0.0673828125;9.8125;-2.0625;-35.25;
1441975728294680;0.46240234375;-0.50067138671875;-0.5914306640625;-0.4310302734375;16.809839465312805;12.491871659936878;17.343857731634767;-0.96826171875;0.1728515625;0.06591796875;9.8125;-2.5625;-36.5625;
1441975728333682;0.4647216796875;-0.4984130859375;-0.587890625;-0.43597412109375;16.879321113407375;12.423855871483516;17.264360363944235;-0.97412109375;0.16845703125;0.06640625;9.875;-2.625;-37.1875;
1441975728335682;0.46697998046875;-0.49627685546875;-0.5843505859375;-0.440673828125;16.94616724217741;12.352815554566055;17.18205819028793;-0.9677734375;0.16162109375;0.0732421875;9.625;-2.375;-36.875;
1441975728353683;0.46917724609375;-0.49420166015625;-0.58087158203125;-0.4453125;17.01086858228158;12.272965210445793;17.090957957390685;-0.96923828125;0.15771484375;0.06005859375;9.6875;-2.4375;-36.3125;
1441975728369684;0.4710693359375;-0.4923095703125;-0.57757568359375;-0.44970703125;17.06954233080256;12.186766531544418;16.99337441709076;-0.9765625;0.13671875;0.060546875;9.6875;-2.625;-34.9375;
1441975728392685;0.47265625;-0.49066162109375;-0.57452392578125;-0.4537353515625;17.12121026481288;12.098542376199438;16.89397776172073;-0.97412109375;0.126953125;0.0576171875;10.0;-2.9375;-32.5625;
1441975728413687;0.4739990234375;-0.4892578125;-0.57177734375;-0.457275390625;17.165707190593572;12.013036863956028;16.798209327260896;-0.97705078125;0.13037109375;0.0615234375;9.875;-2.8125;-30.0;
1441975728429688;0.47509765625;-0.48797607421875;-0.5694580078125;-0.46044921875;17.202954139941653;11.925077994838997;16.70122709773267;-0.98095703125;0.13427734375;0.0615234375;9.0;-2.6875;-27.0;
1441975728451689;0.47589111328125;-0.4869384765625;-0.56732177734375;-0.4632568359375;17.234150155195902;11.842477464933587;16.6096405842796;-0.98095703125;0.12548828125;0.0595703125;7.9375;-3.0;-23.6875;
1441975728473690;0.4764404296875;-0.486328125;-0.56561279296875;-0.46551513671875;17.25755991872278;11.777363604679847;16.53641053962424;-0.98193359375;0.115234375;0.05615234375;7.9375;-3.125;-20.1875;
1441975728489691;0.4766845703125;-0.48583984375;-0.5643310546875;-0.46722412109375;17.273498387814772;11.723284970898776;16.47583231228449;-0.98046875;0.1240234375;0.0576171875;7.1875;-2.6875;-16.4375;
1441975728511692;0.476806640625;-0.4857177734375;-0.5633544921875;-0.4683837890625;17.284330309279536;11.69272438148384;16.4398228604424;-0.9775390625;0.13037109375;0.0634765625;5.875;-2.3125;-13.0625;
1441975728533693;0.47674560546875;-0.48583984375;-0.562744140625;-0.4691162109375;17.28968627203831;11.678881297727605;16.421581627878;-0.96826171875;0.1357421875;0.05615234375;4.6875;-1.625;-9.6875;
1441975728549694;0.47650146484375;-0.486083984375;-0.5623779296875;-0.469482421875;17.290825130856568;11.677470149228096;16.41666988207719;-0.96484375;0.13232421875;0.06005859375;4.0;-1.1875;-6.3125;
1441975728572696;0.47613525390625;-0.48663330078125;-0.56231689453125;-0.46942138671875;17.287459821709046;11.696432771840332;16.432999707975306;-0.96337890625;0.13232421875;0.060546875;3.25;-0.875;-3.0;
1441975728595697;0.47564697265625;-0.48724365234375;-0.56256103515625;-0.46893310546875;17.279822780428827;11.727072893106184;16.462604006257667;-0.96044921875;0.1298828125;0.0537109375;2.4375;-0.625;0.125;
1441975728609698;0.47503662109375;-0.488037109375;-0.56304931640625;-0.46820068359375;17.26848922436427;11.767552536978931;16.502565685305797;-0.96337890625;0.12890625;0.0556640625;1.0625;-0.375;3.125;
1441975728631699;0.47418212890625;-0.48907470703125;-0.56378173828125;-0.467041015625;17.251834214306687;11.823260489804783;16.55830237916706;-0.96533203125;0.126953125;0.052734375;0.375;-0.125;5.625;
1441975728654700;0.473388671875;-0.49017333984375;-0.56475830078125;-0.465576171875;17.232745312721484;11.88503614410852;16.62167541342731;-0.95849609375;0.142578125;0.05859375;0.125;0.375;8.25;
1441975728669701;0.47271728515625;-0.4912109375;-0.56585693359375;-0.4638671875;17.212879958970817;11.948143807260722;16.687963938273914;-0.9638671875;0.13818359375;0.05419921875;-1.375;0.875;10.3125;
1441975728691703;0.47186279296875;-0.49237060546875;-0.5670166015625;-0.4620361328125;17.190105659216087;12.012765612248518;16.75543184626364;-0.96728515625;0.12841796875;0.0478515625;-2.75;0.875;12.375;
1441975728714704;0.47088623046875;-0.4937744140625;-0.5682373046875;-0.46002197265625;17.16439851000255;12.08351173015133;16.82867468827751;-0.96533203125;0.12060546875;0.0517578125;-2.4375;1.125;14.4375;
1441975728729705;0.4697265625;-0.49530029296875;-0.5694580078125;-0.4580078125;17.13643415510952;12.151715337484532;16.898507495931135;-0.96728515625;0.12060546875;0.04736328125;-1.625;1.5;16.375;
1441975728751706;0.468505859375;-0.4969482421875;-0.57086181640625;-0.45574951171875;17.105073840448267;12.2216888409267;16.970811732808166;-0.9765625;0.11962890625;0.0537109375;-1.25;1.625;18.0625;
1441975728775707;0.4671630859375;-0.49847412109375;-0.5723876953125;-0.4534912109375;17.0717246617832;12.281411115427664;17.033231569749926;-0.974609375;0.12744140625;0.04931640625;-1.5;1.6875;19.625;
1441975728789708;0.4658203125;-0.50018310546875;-0.573974609375;-0.45111083984375;17.03657760745908;12.34299633525723;17.097500145120673;-0.9755859375;0.12646484375;0.06201171875;-1.875;1.8125;20.6875;
1441975728811709;0.46453857421875;-0.5018310546875;-0.57550048828125;-0.4486083984375;17.001594045285707;12.402361602814725;17.16009943952354;-0.97705078125;0.1298828125;0.05615234375;-2.0;2.125;21.6875;
1441975728834711;0.46319580078125;-0.5035400390625;-0.57708740234375;-0.446044921875;16.96486708438268;12.458798226255299;17.219771909270047;-0.96826171875;0.12939453125;0.05810546875;-2.125;2.5;22.5;
1441975728855712;0.4619140625;-0.505126953125;-0.57861328125;-0.44354248046875;16.929277022112224;12.508877169841277;17.27327204210098;-0.9658203125;0.13330078125;0.05859375;-2.3125;2.75;22.875;
1441975728871713;0.460693359375;-0.506591796875;-0.58013916015625;-0.441162109375;16.894774471115557;12.551653450767894;17.319638897750973;-0.96826171875;0.13720703125;0.05810546875;-2.3125;2.5625;22.5625;
1441975728894714;0.4595947265625;-0.50799560546875;-0.58154296875;-0.4388427734375;16.862221323025125;12.592018212035718;17.36359622768788;-0.974609375;0.13916015625;0.05859375;-2.5;2.5;21.8125;
1441975728916715;0.45855712890625;-0.50933837890625;-0.58294677734375;-0.43658447265625;16.830396723996788;12.628470973223935;17.403810665834463;-0.97314453125;0.14453125;0.05322265625;-3.0;2.3125;21.125;
1441975728931716;0.45758056640625;-0.510498046875;-0.5841064453125;-0.43463134765625;16.80246708229046;12.658257880963205;17.436491668143827;-0.9677734375;0.15380859375;0.0537109375;-2.6875;2.3125;19.9375;
1441975728954718;0.45684814453125;-0.5115966796875;-0.5850830078125;-0.432861328125;16.778473645685583;12.687018377935743;17.467946395405633;-0.966796875;0.1591796875;0.056640625;-2.1875;2.3125;17.8125;
1441975728975719;0.45623779296875;-0.51239013671875;-0.58587646484375;-0.43145751953125;16.75930279534637;12.70717786174079;17.490449827897415;-0.9599609375;0.166015625;0.048828125;-2.0;2.0;15.6875;
1441975728991720;0.45574951171875;-0.51300048828125;-0.58648681640625;-0.43035888671875;16.744278420054435;12.722348467652976;17.50742947675842;-0.9599609375;0.162109375;0.05419921875;-1.6875;1.8125;13.3125;
1441975729014721;0.45562744140625;-0.51336669921875;-0.5869140625;-0.429443359375;16.734880576683853;12.735624158886123;17.523200013979398;-0.9638671875;0.16748046875;0.0556640625;-1.375;1.4375;10.75;
1441975729029722;0.4556884765625;-0.513427734375;-0.58721923828125;-0.428955078125;16.730825320288602;12.740549970237838;17.53041877028721;-0.9619140625;0.17236328125;0.05224609375;-2.0;1.375;7.9375;
1441975729051723;0.4559326171875;-0.51336669921875;-0.587158203125;-0.4288330078125;16.732638091362695;12.743991978575854;17.534914956178376;-0.9619140625;0.1708984375;0.05908203125;-2.1875;1.25;5.0;
1441975729074724;0.4564208984375;-0.51318359375;-0.58673095703125;-0.4290771484375;16.740776189456835;12.746524597716279;17.53742971905211;-0.955078125;0.17041015625;0.05810546875;-0.8125;1.4375;1.8125;
1441975729096726;0.4569091796875;-0.51300048828125;-0.58612060546875;-0.42962646484375;16.751546811099573;12.74687997064042;17.536344069471706;-0.96044921875;0.16259765625;0.05517578125;0.4375;1.5;-0.625;
1441975729111727;0.45770263671875;-0.5126953125;-0.58526611328125;-0.43035888671875;16.76744351146279;12.748017353307777;17.536023073839573;-0.95849609375;0.16650390625;0.0576171875;1.4375;1.375;-2.875;
1441975729134728;0.4586181640625;-0.51202392578125;-0.58447265625;-0.43121337890625;16.78585879802319;12.741323001555523;17.52910893561251;-0.96240234375;0.1650390625;0.04736328125;1.375;1.3125;-5.0;
1441975729155729;0.459716796875;-0.51123046875;-0.5836181640625;-0.43218994140625;16.807061061674272;12.73280349528257;17.520703220510935;-0.96337890625;0.1591796875;0.05224609375;0.3125;0.9375;-6.75;
1441975729171730;0.4608154296875;-0.5103759765625;-0.5826416015625;-0.433349609375;16.830128273794536;12.721530124222069;17.50884144175771;-0.96240234375;0.15576171875;0.04931640625;-0.1875;0.6875;-8.0;
1441975729195731;0.46197509765625;-0.50946044921875;-0.58154296875;-0.4345703125;16.85491248777926;12.709749713436869;17.496306152186627;-0.96484375;0.154296875;0.0517578125;0.5;0.625;-9.25;
1441975729215732;0.4632568359375;-0.5084228515625;-0.58056640625;-0.43572998046875;16.879982632831148;12.695745794265205;17.48276716075048;-0.96484375;0.16064453125;0.04443359375;0.25;0.375;-10.5;
1441975729231733;0.46453857421875;-0.50732421875;-0.57952880859375;-0.43701171875;16.9062132429938;12.678648633426663;17.46578386258181;-0.9677734375;0.16162109375;0.04638671875;-0.5;0.25;-11.375;
1441975729254735;0.4659423828125;-0.50616455078125;-0.578369140625;-0.43841552734375;16.934884011804222;12.660138242536597;17.4472030967103;-0.966796875;0.1591796875;0.04541015625;-0.6875;0.125;-12.1875;
1441975729275736;0.46722412109375;-0.50518798828125;-0.5771484375;-0.43988037109375;16.9626014098562;12.642878628486645;17.42863695711566;-0.97314453125;0.1513671875;0.044921875;-0.1875;0.1875;-13.0625;
1441975729291737;0.46844482421875;-0.50408935546875;-0.57586669921875;-0.44140625;16.990925741423716;12.621074990820475;17.405378302403864;-0.96533203125;0.158203125;0.04736328125;0.875;0.375;-13.625;
1441975729314738;0.4697265625;-0.5030517578125;-0.57470703125;-0.44281005859375;17.018090190678404;12.600674096500603;17.3842066763237;-0.96728515625;0.154296875;0.05078125;1.125;0.25;-14.0625;
1441975729336739;0.47100830078125;-0.50189208984375;-0.5736083984375;-0.44415283203125;17.044958448351842;12.576713748348606;17.360194253350365;-0.9619140625;0.16064453125;0.0498046875;0.5;0.25;-14.3125;
1441975729351740;0.472412109375;-0.50067138671875;-0.5726318359375;-0.44537353515625;17.07155691387755;12.552098229239839;17.336744433330406;-0.9658203125;0.154296875;0.0458984375;-0.625;0.25;-14.0625;
1441975729375742;0.47369384765625;-0.49951171875;-0.5716552734375;-0.44647216796875;17.096429914011477;12.528797655379933;17.314460094524517;-0.96484375;0.14697265625;0.04736328125;-1.4375;0.125;-13.625;
1441975729396743;0.47491455078125;-0.49853515625;-0.57073974609375;-0.447509765625;17.119499053976195;12.508574230018949;17.294884810073526;-0.96240234375;0.14501953125;0.044921875;-1.5;0.3125;-12.9375;
1441975729411744;0.47601318359375;-0.49755859375;-0.56988525390625;-0.44854736328125;17.141183429685704;12.485071931576867;17.271864069714024;-0.97119140625;0.1396484375;0.0400390625;-1.125;0.3125;-12.1875;
1441975729434745;0.47686767578125;-0.49676513671875;-0.569091796875;-0.449462890625;17.159432600674446;12.4643811744567;17.250971897573606;-0.97802734375;0.13818359375;0.0478515625;-0.5625;0.1875;-11.125;
1441975729456746;0.4775390625;-0.49615478515625;-0.56842041015625;-0.45025634765625;17.174321502547926;12.446753508419823;17.232792683277054;-0.974609375;0.1357421875;0.048828125;-0.125;-0.0625;-9.75;
1441975729472747;0.47808837890625;-0.49566650390625;-0.56793212890625;-0.4508056640625;17.185628747044724;12.433684345411804;17.21970602514356;-0.9765625;0.13427734375;0.04443359375;0.375;-0.1875;-8.1875;
1441975729494748;0.47857666015625;-0.49517822265625;-0.5677490234375;-0.45111083984375;17.19340088309185;12.42118549280585;17.208590174146586;-0.97265625;0.13916015625;0.0458984375;-0.4375;-0.1875;-6.6875;
1441975729515750;0.47894287109375;-0.49481201171875;-0.56756591796875;-0.4512939453125;17.199353252601068;12.413432500300285;17.20188753004117;-0.96533203125;0.13427734375;0.04736328125;-1.5;-0.125;-4.8125;
1441975729530751;0.47906494140625;-0.49468994140625;-0.567626953125;-0.45123291015625;17.200020892712175;12.41209759301436;17.2016029517515;-0.982421875;0.12890625;0.0498046875;-1.0625;-0.0625;-3.125;
1441975729545751;0.4793701171875;-0.4945068359375;-0.56793212890625;-0.4508056640625;17.199174433897046;12.416705042868415;17.20971135722118;-0.9833984375;0.14453125;0.05419921875;-1.4375;0.1875;-1.6875;
1441975729567753;0.4796142578125;-0.4942626953125;-0.56842041015625;-0.45013427734375;17.195834375459587;12.422275871448864;17.22003544056795;-0.97412109375;0.15185546875;0.0439453125;-3.6875;0.5;-0.75;
1441975729591754;0.4798583984375;-0.49420166015625;-0.56890869140625;-0.4493408203125;17.191405140404953;12.435714554260025;17.2380435519427;-0.9619140625;0.150390625;0.05517578125;-4.5;1.125;0.375;
1441975729605755;0.4801025390625;-0.4942626953125;-0.56951904296875;-0.4482421875;17.184481165631446;12.457797539865172;17.26558072236846;-0.95166015625;0.15087890625;0.056640625;-4.4375;1.8125;1.0;
1441975729627756;0.48028564453125;-0.494873046875;-0.57037353515625;-0.44622802734375;17.169692244522192;12.510971208367636;17.32581320194931;-0.94775390625;0.166015625;0.0576171875;-5.25;3.3125;2.0625;
1441975729650757;0.4808349609375;-0.4957275390625;-0.57171630859375;-0.44305419921875;17.148117813739493;12.591299515003675;17.41828829278392;-0.93115234375;0.1728515625;0.0732421875;-6.5625;7.125;6.4375;
1441975729665758;0.48162841796875;-0.4971923828125;-0.5731201171875;-0.43865966796875;17.11908139747434;12.709566220828538;17.551381805008198;-0.90576171875;0.17431640625;0.0947265625;-10.6875;13.1875;11.5625;
1441975729687759;0.4822998046875;-0.4991455078125;-0.5743408203125;-0.43402099609375;17.085427045775205;12.836542282110235;17.69162626936935;-0.8896484375;0.18359375;0.06494140625;-13.375;16.625;15.9375;
1441975729711761;0.482177734375;-0.50128173828125;-0.5775146484375;-0.427490234375;17.021971600883695;12.9486615707085;17.825353064956783;-0.931640625;0.20068359375;0.017578125;-11.75;15.75;18.0;
1441975729725762;0.48284912109375;-0.501953125;-0.58270263671875;-0.4188232421875;16.94575543150291;13.03046582913671;17.947334355990627;-0.91015625;0.3271484375;-0.0166015625;-21.0;11.4375;23.6875;
1441975729747763;0.48406982421875;-0.50213623046875;-0.58831787109375;-0.4093017578125;16.8671261778484;13.10236237134012;0.06619270281934884;-0.87255859375;0.3701171875;0.021484375;-38.6875;14.125;26.875;
1441975729770764;0.483642578125;-0.50396728515625;-0.59246826171875;-0.40142822265625;16.786199327201945;13.16861171455364;0.16102368893236027;-0.84619140625;0.32373046875;0.05419921875;-44.625;18.375;31.4375;
1441975729793766;0.4805908203125;-0.5078125;-0.5960693359375;-0.3948974609375;16.68851246302808;13.216730052045461;0.21896418376590698;-0.8125;0.2783203125;0.01904296875;-26.8125;13.75;35.0;
1441975729807766;0.47662353515625;-0.51318359375;-0.6002197265625;-0.3863525390625;16.56130382065201;13.280680590116182;0.29332641530761794;-0.7607421875;0.35498046875;-0.01318359375;-9.375;5.0625;37.75;
1441975729830768;0.47442626953125;-0.517578125;-0.60528564453125;-0.37518310546875;16.428127088007813;13.350151969467438;0.39158303638712033;-0.63720703125;0.46728515625;-0.0537109375;-9.6875;7.625;44.0625;
1441975729853769;0.47344970703125;-0.5198974609375;-0.61163330078125;-0.3626708984375;16.29771972638245;13.390601864611279;0.4782325032715735;-0.52685546875;0.43115234375;-0.10302734375;-27.9375;13.4375;49.375;
1441975729867770;0.471923828125;-0.522216796875;-0.6180419921875;-0.3502197265625;16.16350904025439;13.41627426441611;0.5488069236570242;-0.47705078125;0.29638671875;-0.10498046875;-45.0;14.1875;56.1875;
1441975729899772;0.46826171875;-0.52685546875;-0.62396240234375;-0.33746337890625;16.003331296087914;13.446601766784765;0.6110097427955302;-0.45361328125;0.17822265625;-0.0576171875;-43.0625;14.8125;65.875;
1441975729913772;0.463134765625;-0.5333251953125;-0.6298828125;-0.32305908203125;15.812313539301492;13.483163552495038;0.6752773601112938;-0.42822265625;0.20263671875;-0.04931640625;-29.8125;15.125;77.375;
1441975729927773;0.45843505859375;-0.54095458984375;-0.634765625;-0.30718994140625;15.610214656739247;13.538902715954691;0.7583426805690641;-0.427734375;0.3359375;-0.0498046875;-24.75;18.4375;85.0;
1441975729950775;0.4556884765625;-0.54608154296875;-0.63970947265625;-0.2916259765625;15.43429106839022;13.576637467199983;0.8359359093128574;-0.49267578125;0.50439453125;-0.14794921875;-24.875;23.3125;82.875;
1441975729973776;0.4541015625;-0.5491943359375;-0.644775390625;-0.27667236328125;15.279631095471236;13.597389185482815;0.904700830919369;-0.58154296875;0.4736328125;-0.17333984375;-37.5625;23.5625;75.125;
1441975729987777;0.4539794921875;-0.550537109375;-0.6490478515625;-0.2637939453125;15.160997512768553;13.61051326840544;0.9667824900603121;-0.646484375;0.4755859375;-0.142578125;-44.625;24.5;67.375;
1441975730010778;0.4534912109375;-0.55255126953125;-0.65185546875;-0.25335693359375;15.059181907643106;13.627581048244654;1.0180022463431269;-0.69580078125;0.3828125;-0.115234375;-45.25;25.0625;57.8125;
1441975730041780;0.45233154296875;-0.5574951171875;-0.6512451171875;-0.24609375;14.97089614622856;13.674585704360439;1.0684959626177009;-0.68798828125;0.306640625;-0.0654296875;-29.625;23.8125;54.5625;
1441975730047780;0.45062255859375;-0.564453125;-0.6478271484375;-0.2421875;14.90098264607086;13.741385426568218;1.1122355613077202;-0.65380859375;0.26025390625;-0.0888671875;0.9375;23.1875;50.125;
1441975730070781;0.447509765625;-0.5733642578125;-0.64300537109375;-0.23992919921875;14.827780963915343;13.816585680674846;1.1450710807008941;-0.646484375;0.1865234375;-0.10400390625;25.8125;20.5625;45.3125;
1441975730093783;0.44403076171875;-0.58221435546875;-0.6383056640625;-0.2376708984375;14.751757439851236;13.8863727760247;1.1719280602624567;-0.62939453125;0.21630859375;-0.10205078125;44.1875;16.9375;44.75;
1441975730107784;0.44110107421875;-0.58966064453125;-0.63458251953125;-0.234619140625;14.677363400102267;13.94370093917901;1.1974619017390038;-0.61669921875;0.291015625;-0.1025390625;44.8125;15.5625;41.5625;
1441975730130785;0.439697265625;-0.59521484375;-0.631591796875;-0.2313232421875;14.617740052256828;13.99235064918574;1.227202697526966;-0.60595703125;0.34033203125;-0.1123046875;33.75;16.25;38.0625;
1441975730153786;0.43914794921875;-0.60015869140625;-0.627685546875;-0.230224609375;14.585381974166785;14.044505282850908;1.2549196894808805;-0.61376953125;0.31298828125;-0.0888671875;22.6875;19.875;31.75;
1441975730167787;0.4381103515625;-0.606689453125;-0.62176513671875;-0.231201171875;14.561787503399932;14.113232562876362;1.2803990561181362;-0.67578125;0.2216796875;-0.0595703125;28.25;19.5625;26.375;
1441975730190788;0.43658447265625;-0.6138916015625;-0.61492919921875;-0.23333740234375;14.542469619119801;14.187465499729493;1.3015454482152427;-0.78271484375;0.267578125;-0.11279296875;45.75;16.4375;23.625;
1441975730213790;0.4356689453125;-0.6195068359375;-0.60931396484375;-0.23492431640625;14.528072013354901;14.248562923980646;1.3214450747442443;-0.86181640625;0.31982421875;-0.13232421875;54.6875;14.3125;21.3125;
1441975730227790;0.43560791015625;-0.62371826171875;-0.6044921875;-0.236328125;14.522661390418909;14.301597683814283;1.342903641646217;-0.8447265625;0.31884765625;-0.11669921875;43.4375;14.25;18.375;
1441975730250792;0.43621826171875;-0.627685546875;-0.5987548828125;-0.23931884765625;14.53623606135918;14.362159562185754;1.366844677748092;-0.8154296875;0.33251953125;-0.111328125;34.9375;15.1875;11.375;
1441975730273793;0.43731689453125;-0.63250732421875;-0.5911865234375;-0.243408203125;14.558206682284965;14.442135200471515;1.4002279690710933;-0.8505859375;0.32373046875;-0.1083984375;40.4375;14.9375;3.4375;
1441975730287794;0.4388427734375;-0.636962890625;-0.58349609375;-0.24761962890625;14.58430224197155;14.524324910833387;1.4375129008833554;-0.95068359375;0.36181640625;-0.11279296875;53.125;19.875;-1.4375;
1441975730310795;0.44134521484375;-0.639404296875;-0.57708740234375;-0.25189208984375;14.624547185244387;14.594317744169986;1.4751904549999144;-1.05908203125;0.43408203125;-0.166015625;51.1875;20.3125;-5.6875;
1441975730333796;0.444091796875;-0.64031982421875;-0.57208251953125;-0.256103515625;14.672132938772128;14.649663253777645;1.5079341483419166;-1.06884765625;0.39453125;-0.18798828125;37.6875;16.9375;-10.25;
1441975730347797;0.447021484375;-0.64239501953125;-0.56549072265625;-0.2603759765625;14.71441836102893;14.724565345185663;1.5524980941060915;-0.9921875;0.35400390625;-0.13037109375;28.625;14.6875;-14.625;
1441975730370799;0.44989013671875;-0.6451416015625;-0.55810546875;-0.26458740234375;14.75097781990661;14.809644787469201;1.6029789570361062;-0.92919921875;0.36328125;-0.1484375;38.25;19.875;-18.3125;
1441975730393800;0.45281982421875;-0.64630126953125;-0.55181884765625;-0.26983642578125;14.804711252174615;14.881421185302605;1.6452285063231307;-0.998046875;0.4033203125;-0.25439453125;40.5625;18.125;-18.3125;
1441975730409801;0.45556640625;-0.64654541015625;-0.54669189453125;-0.27496337890625;14.86085559794411;14.940867700370104;1.6812238197149068;-1.1123046875;0.41015625;-0.275390625;33.9375;10.5625;-21.875;
1441975730430802;0.4578857421875;-0.64898681640625;-0.53912353515625;-0.28021240234375;14.902680873175825;15.028023026607249;1.729643274801516;-1.10009765625;0.41748046875;-0.16552734375;31.1875;12.75;-23.25;
1441975730453803;0.4599609375;-0.65069580078125;-0.53204345703125;-0.286376953125;14.955126519338355;15.108858251153407;1.771967378153836;-1.08447265625;0.4658203125;-0.22412109375;47.375;18.0;-25.0625;
1441975730467804;0.4619140625;-0.65093994140625;-0.5269775390625;-0.29205322265625;15.010942637542875;15.168165619527029;1.8042654618117797;-1.13720703125;0.45947265625;-0.2744140625;44.875;9.5;-26.9375;
1441975730491805;0.46331787109375;-0.6534423828125;-0.519775390625;-0.29705810546875;15.043664386028711;15.251623021100668;1.8481919890446485;-1.10107421875;0.4296875;-0.21923828125;33.375;6.625;-26.25;
1441975730538808;0.46563720703125;-0.65533447265625;-0.51336669921875;-0.30035400390625;15.065864143894656;15.332583814102287;1.901628953546341;-1.142578125;0.52001953125;-0.3212890625;46.6875;11.875;-25.3125;
1441975730543808;0.4700927734375;-0.6533203125;-0.51104736328125;-0.3017578125;15.101324661262082;15.379210946545909;1.9563279294353841;-1.228515625;0.60791015625;-0.3994140625;35.8125;15.4375;-27.6875;
1441975730558809;0.4759521484375;-0.64959716796875;-0.50933837890625;-0.30352783203125;15.153745225237431;15.426945675429522;2.0220119711529243;-1.251953125;0.6015625;-0.359375;1.5625;14.5625;-33.5;
1441975730582811;0.481201171875;-0.6480712890625;-0.5042724609375;-0.3070068359375;15.202518149106671;15.511637782139918;2.101374729639141;-1.23779296875;0.4501953125;-0.29638671875;-8.1875;16.125;-35.6875;
1441975730587811;0.4852294921875;-0.6492919921875;-0.4970703125;-0.30975341796875;15.21998266684483;15.615821690869693;2.1844501311856797;-1.22021484375;0.35205078125;-0.36669921875;13.125;17.0;-33.75;
1441975730613812;0.490234375;-0.64825439453125;-0.49334716796875;-0.3099365234375;15.23171977854231;15.686184553000981;2.2611002692364934;-1.20751953125;0.40966796875;-0.53369140625;26.6875;16.625;-28.375;
1441975730633814;0.4964599609375;-0.6474609375;-0.48785400390625;-0.310546875;15.242781308905965;15.784363400502249;2.3619581314411295;-1.21142578125;0.4443359375;-0.517578125;0.1875;17.4375;-27.625;
1441975730647814;0.50213623046875;-0.646240234375;-0.48443603515625;-0.3092041015625;15.238711261633881;15.854397812774305;2.4462274233189047;-1.2744140625;0.27197265625;-0.541015625;3.0625;25.125;-24.8125;
1441975730671816;0.50738525390625;-0.6483154296875;-0.47998046875;-0.30316162109375;15.165717187060508;15.923962303783366;2.530006726693748;-1.3564453125;0.4736328125;-0.44580078125;-3.3125;33.1875;-26.375;
1441975730701817;0.5150146484375;-0.64984130859375;-0.4771728515625;-0.291259765625;15.045806721158945;15.975528408654284;2.6268951333981962;-1.29150390625;0.59423828125;-0.5869140625;-2.875;49.25;-12.9375;
1441975730715818;0.5313720703125;-0.649169921875;-0.46826171875;-0.27752685546875;14.908251914174944;16.12346728773302;2.840303780129502;-1.35205078125;0.82421875;-0.70556640625;-27.4375;67.875;-16.5;
1441975730731819;0.5589599609375;-0.6182861328125;-0.4814453125;-0.27117919921875;15.086953804801073;16.155819588499522;3.1030336011015365;-1.3271484375;0.185546875;-1.232421875;-41.9375;112.125;-35.625;
1441975730761821;0.57049560546875;-0.59710693359375;-0.49908447265625;-0.2625732421875;15.200534648687588;16.042026159907014;3.162951225966176;-1.91259765625;0.1455078125;0.02099609375;-193.8125;22.0;-151.4375;
1441975730767821;0.55865478515625;-0.61395263671875;-0.50128173828125;-0.24444580078125;14.933711818003266;15.891418416131764;2.9911612798481237;-1.03759765625;-0.07080078125;0.677734375;-163.5;-10.125;-52.0625;
1441975730792823;0.5457763671875;-0.6341552734375;-0.4837646484375;-0.2568359375;14.862601271911231;16.010338669961413;2.9229633821805496;-0.7021484375;0.26171875;-0.38427734375;-1.25;45.0625;151.0625;
1441975730821824;0.53521728515625;-0.6395263671875;-0.49322509765625;-0.24761962890625;14.7634634068634;15.844862209116378;2.766719654330629;-1.55712890625;1.552734375;-1.5;177.5;3.875;49.8125;
1441975730835825;0.526123046875;-0.64044189453125;-0.50079345703125;-0.24951171875;14.783680599714218;15.731013882491638;2.6397052100689273;-1.28173828125;1.0986328125;-0.423828125;-13.375;-7.0625;61.8125;
1441975730866827;0.51702880859375;-0.6458740234375;-0.4991455078125;-0.25775146484375;14.81084088590449;15.714148863646855;2.5496630286346584;-1.35400390625;0.77392578125;-0.13037109375;10.8125;-26.3125;31.375;
1441975730881828;0.511962890625;-0.6468505859375;-0.50848388671875;-0.24700927734375;14.715378574269446;15.585761950983379;2.4640896292354957;-1.46435546875;0.84033203125;-0.34814453125;72.3125;-25.8125;12.5625;
1441975730887828;0.514892578125;-0.64068603515625;-0.517822265625;-0.2374267578125;14.686556299717816;15.497905845203054;2.460469377552787;-1.0595703125;0.8837890625;-0.53759765625;-48.8125;-6.1875;43.75;
1441975730910829;0.51409912109375;-0.63177490234375;-0.53875732421875;-0.2152099609375;14.567656667872622;15.271389794937736;2.3898480693490685;-1.51513671875;0.525390625;-0.56689453125;-88.8125;12.3125;26.1875;
1441975730936831;0.51080322265625;-0.62432861328125;-0.55865478515625;-0.19305419921875;14.426491273606814;15.052962717129745;2.313908098323259;-1.02197265625;0.64892578125;-0.35107421875;-166.9375;5.9375;69.75;
1441975730947832;0.50634765625;-0.61968994140625;-0.57391357421875;-0.173828125;14.28105652841897;14.884126017493301;2.254169758300748;-1.080078125;0.50439453125;-0.2294921875;-155.8125;4.6875;85.125;
1441975730970833;0.50079345703125;-0.61676025390625;-0.58709716796875;-0.15557861328125;14.124956143429536;14.738650985681303;2.2013980739546053;-1.08984375;0.4013671875;-0.3095703125;-121.625;5.8125;85.375;
1441975730994834;0.49359130859375;-0.61529541015625;-0.59930419921875;-0.13671875;13.944727336256925;14.603777184152351;2.1506169093578156;-1.12158203125;0.361328125;-0.3291015625;-105.3125;6.125;90.625;
1441975731007835;0.486572265625;-0.6143798828125;-0.6103515625;-0.115478515625;13.73746149264898;14.48522978958334;2.1213760633556618;-1.03369140625;0.39208984375;-0.24609375;-97.125;7.1875;101.125;
1441975731030836;0.48248291015625;-0.61248779296875;-0.61907958984375;-0.09423828125;13.546150007394509;14.395853711043499;2.127564849219732;-0.8916015625;0.49609375;-0.287109375;-97.75;18.625;107.1875;
1441975731053838;0.47894287109375;-0.6109619140625;-0.625732421875;-0.076416015625;13.3846298283919;14.3268219456236;2.1376514809420586;-0.81396484375;0.61865234375;-0.33154296875;-100.0;30.625;96.5;
1441975731067838;0.47479248046875;-0.6121826171875;-0.62945556640625;-0.06024169921875;13.21793312897558;14.28426392439177;2.1503599354394227;-0.7841796875;0.62841796875;-0.32080078125;-82.5;26.75;82.4375;
1441975731090840;0.46966552734375;-0.61566162109375;-0.6309814453125;-0.04766845703125;13.064520596063979;14.261056835273724;2.1534338271755584;-0.71044921875;0.6982421875;-0.31298828125;-57.125;27.0;80.25;
1441975731113841;0.46343994140625;-0.62042236328125;-0.63165283203125;-0.037353515625;12.918046114617558;14.244941467426385;2.1457958838448836;-0.6689453125;0.6328125;-0.328125;-33.1875;16.9375;79.0625;
1441975731127842;0.45556640625;-0.6248779296875;-0.633544921875;-0.02532958984375;12.750847036490436;14.21518824693761;2.131436850717086;-0.58154296875;0.7060546875;-0.328125;-18.75;6.9375;71.3125;
1441975731150843;0.44573974609375;-0.62945556640625;-0.63641357421875;-0.0101318359375;12.54569656916673;14.173610059090802;2.115164805749823;-0.5380859375;0.87646484375;-0.3046875;-25.0625;4.375;75.1875;
1441975731172844;0.4329833984375;-0.63592529296875;-0.63885498046875;0.00506591796875;12.314528546011417;14.13371334394629;2.08570470594177;-0.404296875;0.91162109375;-0.31396484375;-37.125;4.375;88.0625;
1441975731187845;0.4188232421875;-0.64239501953125;-0.6416015625;0.01763916015625;12.098061119188078;14.092694140508048;2.0422211813069104;-0.2431640625;0.8564453125;-0.21337890625;-24.4375;-3.0625;99.25;
1441975731210847;0.402099609375;-0.65008544921875;-0.64398193359375;0.03204345703125;11.843824519556952;14.052541098835228;1.9950126258675067;-0.232421875;0.7705078125;-0.1435546875;-17.6875;-13.5;110.0;
1441975731242848;0.384033203125;-0.65960693359375;-0.644287109375;0.04937744140625;11.544661821956248;14.026436048399576;1.9578468799537343;-0.2119140625;0.7646484375;-0.0849609375;-15.875;-15.0;129.5;
1441975731247849;0.3641357421875;-0.671142578125;-0.64227294921875;0.06719970703125;11.218053259514168;14.016310167407715;1.9195257331111544;-0.0966796875;0.93896484375;-0.12255859375;-8.4375;-5.0;147.75;
1441975731270850;0.34088134765625;-0.6807861328125;-0.64239501953125;0.088134765625;10.853745194864043;13.983362930754033;1.8754947040711656;0.064453125;0.9228515625;-0.1005859375;6.3125;-5.9375;159.75;
1441975731293851;0.31390380859375;-0.6885986328125;-0.64422607421875;0.1112060546875;10.455284347861006;13.931669688855903;1.8242498549040838;0.103515625;0.875;-0.013671875;-15.3125;-9.3125;180.25;
1441975731307852;0.28399658203125;-0.69696044921875;-0.64453125;0.1351318359375;10.023642684278675;13.887530776975643;1.7698240389774387;0.13427734375;0.7041015625;0.10400390625;-33.5;-16.75;199.3125;
1441975731330853;0.25189208984375;-0.70489501953125;-0.6434326171875;0.1602783203125;9.563496962012293;13.848111806731833;1.7169404149877492;0.16552734375;0.630859375;0.12060546875;-29.125;-21.8125;216.6875;
1441975731353855;0.21942138671875;-0.71051025390625;-0.6424560546875;0.185302734375;9.106674526649904;13.803939427923458;1.6682262824306793;0.28466796875;0.6826171875;0.07177734375;-29.5;-23.0;228.75;
1441975731367856;0.185546875;-0.7127685546875;-0.64312744140625;0.2098388671875;8.65334531031812;13.743707440451834;1.6183144654502557;0.3193359375;0.75830078125;0.0537109375;-39.125;-22.8125;226.8125;
1441975731399857;0.1505126953125;-0.71038818359375;-0.64691162109375;0.23297119140625;8.216892878473072;13.657770428243202;1.5668797225765854;0.22216796875;0.78515625;0.00439453125;-59.9375;-28.625;227.625;
1441975731422859;0.11663818359375;-0.70489501953125;-0.65228271484375;0.253173828125;7.818517515123364;13.561205856897859;1.5178921660819602;0.134765625;0.67138671875;0.0205078125;-90.0;-36.0;220.625;
1441975731451860;0.0860595703125;-0.6993408203125;-0.6566162109375;0.26922607421875;7.472120784850453;13.47878714550875;1.4710936722332162;0.111328125;0.51708984375;0.015625;-104.6875;-40.6875;200.9375;
1441975731452860;0.05926513671875;-0.6962890625;-0.6583251953125;0.2799072265625;7.183593181166637;13.429417997150777;1.4169726942545569;0.07470703125;0.447265625;0.01171875;-93.25;-44.375;174.25;
1441975731472862;0.0345458984375;-0.69549560546875;-0.657958984375;0.286865234375;6.929669330004485;13.407216384061455;1.3528337612189565;-0.0302734375;0.44970703125;-0.021484375;-65.625;-54.0625;146.375;
1441975731487862;0.012939453125;-0.694580078125;-0.6590576171875;0.28826904296875;6.7457334372129605;13.391893316018939;1.2760426258100714;-0.07666015625;0.3759765625;-0.09130859375;-45.1875;-63.5;128.75;
1441975731510864;-0.004638671875;-0.6927490234375;-0.66241455078125;0.2852783203125;6.633689424023015;13.374066707133878;1.1963802726016848;0.00927734375;0.34765625;-0.08154296875;-50.0625;-72.5;98.0;
1441975731532865;-0.01605224609375;-0.6925048828125;-0.666259765625;0.2763671875;6.616399813749499;13.373253241586625;1.1112984103355115;0.03076171875;0.3046875;-0.029296875;-51.875;-74.625;59.5;
1441975731547866;-0.02252197265625;-0.69525146484375;-0.6693115234375;0.26123046875;6.683686815617724;13.399226875184949;1.0129117768449287;-0.064453125;0.27490234375;-0.00244140625;-36.0;-78.1875;16.8125;
1441975731570867;-0.02630615234375;-0.70123291015625;-0.6702880859375;0.24163818359375;6.80301123596269;13.452876217458845;0.9014206786930539;-0.10302734375;0.24951171875;-0.0263671875;-15.625;-88.625;-24.0;
1441975731592868;-0.02764892578125;-0.708740234375;-0.6708984375;0.21661376953125;6.987255775182596;13.518460390388366;0.7766334729332379;-0.11279296875;0.36962890625;-0.03564453125;10.0625;-101.0625;-58.0625;
1441975731607869;-0.02587890625;-0.71484375;-0.67364501953125;0.18597412109375;7.249826730053937;13.569954540954267;0.6469573981649586;-0.08740234375;0.42041015625;-0.01123046875;20.5;-116.1875;-88.75;
1441975731630871;-0.01824951171875;-0.72015380859375;-0.67694091796875;0.1512451171875;7.59642007617515;13.611731042233533;0.5300291453591925;-0.033203125;0.4638671875;-0.021484375;9.375;-124.625;-126.625;
1441975731652872;-0.0037841796875;-0.72576904296875;-0.67864990234375;0.11297607421875;8.026386038752754;13.65535315595692;0.4313390052137911;0.0107421875;0.5458984375;-0.04638671875;9.25;-118.0;-167.5;
1441975731667873;0.01641845703125;-0.73126220703125;-0.6783447265625;0.0704345703125;8.536962708357526;13.701047997456747;0.3444509745304157;-0.0029296875;0.66552734375;-0.01513671875;23.75;-106.3125;-208.3125;
1441975731691874;0.04156494140625;-0.73492431640625;-0.67657470703125;0.0224609375;9.133093409992096;13.739769967432249;0.2625033585015509;-0.0517578125;0.72900390625;-0.0380859375;35.0;-102.0625;-247.75;
1441975731721876;0.07147216796875;-0.73431396484375;-0.6744384765625;-0.029296875;9.801464898647373;13.756653260055517;0.1894730295470385;-0.0625;0.84228515625;-0.0654296875;36.5;-104.6875;-290.25;
1441975731727876;0.105712890625;-0.72979736328125;-0.67071533203125;-0.080322265625;10.501198697665508;13.759765791054262;0.13811265020405086;-0.09326171875;0.8115234375;-0.0478515625;23.25;-101.5625;-327.75;
1441975731750877;0.14166259765625;-0.72265625;-0.66424560546875;-0.128662109375;11.197029511834694;13.76144881060186;0.10449022214484024;-0.26220703125;0.78271484375;-0.00390625;14.125;-81.625;-343.3125;
1441975731775879;0.17926025390625;-0.71282958984375;-0.65411376953125;-0.17877197265625;11.929719471014295;13.76458254048321;0.07125076213002088;-0.41748046875;0.78076171875;-0.1611328125;11.3125;-63.6875;-342.5;
1441975731787880;0.216552734375;-0.697265625;-0.6427001953125;-0.232421875;12.70406451175354;13.737076280608346;0.011606489244900191;-0.61474609375;0.7900390625;-0.29052734375;14.125;-64.9375;-360.1875;
1441975731810881;0.2515869140625;-0.6798095703125;-0.62823486328125;-0.28271484375;13.446433948433713;13.704200415575428;17.947173096410143;-0.83642578125;0.5927734375;-0.27294921875;1.6875;-85.6875;-376.4375;
1441975731832882;0.28204345703125;-0.6668701171875;-0.60638427734375;-0.32879638671875;14.130869245215132;13.722265293131986;17.8965009829327;-1.0439453125;0.40087890625;-0.15771484375;7.5625;-78.3125;-359.1875;
1441975731855884;0.3087158203125;-0.65576171875;-0.5789794921875;-0.37353515625;14.792105193172457;13.77324905669662;17.850792240966097;-1.16943359375;0.412109375;-0.20947265625;53.625;-61.0625;-331.9375;
1441975731870884;0.3349609375;-0.6375732421875;-0.5572509765625;-0.413330078125;15.419871472363505;13.745975513462389;17.779085356577884;-1.20263671875;0.46044921875;-0.28857421875;85.9375;-58.3125;-323.375;
1441975731892886;0.364013671875;-0.61016845703125;-0.54229736328125;-0.448486328125;16.040316999380735;13.581878299014525;17.638551111725572;-1.224609375;0.4306640625;-0.3193359375;33.125;-67.3125;-307.375;
1441975731907886;0.39385986328125;-0.581787109375;-0.5272216796875;-0.47802734375;16.62762030109792;13.34451263638454;17.443893312742922;-1.232421875;0.2119140625;-0.18310546875;-35.4375;-74.5;-303.25;
1441975731930888;0.41943359375;-0.55828857421875;-0.50701904296875;-0.50531005859375;17.16985940812791;13.005558729113407;17.111323557903205;-1.3818359375;-0.06787109375;-0.03515625;-51.0625;-53.0625;-287.625;
1441975731952889;0.4373779296875;-0.54052734375;-0.48199462890625;-0.53314208984375;17.633501253679377;11.941282037907337;15.998593875372725;-1.609375;-0.3095703125;-0.03369140625;-12.0625;-33.8125;-267.1875;
1441975731967890;0.448974609375;-0.52679443359375;-0.455810546875;-0.5596923828125;17.727728180334044;7.597615881942394;11.576241238729848;-1.708984375;-0.29345703125;-0.0556640625;43.4375;-30.125;-247.0;
1441975731990891;0.45947265625;-0.51385498046875;-0.43218994140625;-0.58148193359375;17.408875774330156;5.9440983975536685;9.858840904878885;-1.63525390625;-0.0390625;-0.09912109375;74.125;-29.5625;-223.8125;
1441975732012892;0.470947265625;-0.49969482421875;-0.41180419921875;-0.59918212890625;17.061172180102158;5.524688221886878;9.402254347235576;-1.59912109375;0.1513671875;-0.1337890625;59.9375;-22.625;-202.9375;
1441975732027893;0.4830322265625;-0.4849853515625;-0.39306640625;-0.61407470703125;16.72247736873756;5.328338662688828;9.184294262071077;-1.609375;0.20849609375;-0.13818359375;33.4375;-21.0625;-190.6875;
1441975732050895;0.49224853515625;-0.47119140625;-0.37286376953125;-0.62982177734375;16.385992970748724;5.243838837558602;9.05965968717259;-1.609375;0.18408203125;-0.14501953125;17.8125;-18.5625;-182.875;
1441975732072896;0.49652099609375;-0.45928955078125;-0.3504638671875;-0.64788818359375;16.057911403489534;5.24144023156185;8.983019168545248;-1.52197265625;0.16650390625;-0.1494140625;36.5625;-19.875;-180.625;
1441975732087897;0.49737548828125;-0.44830322265625;-0.32763671875;-0.66656494140625;15.745094487021428;5.281328939770829;8.931505481199668;-1.39013671875;0.23095703125;-0.1513671875;71.0;-24.0;-175.9375;
1441975732110898;0.4990234375;-0.43597412109375;-0.30657958984375;-0.68341064453125;15.438961387579155;5.319202138526269;8.893397342530053;-1.26708984375;0.3662109375;-0.18212890625;88.5;-28.0;-170.0625;
1441975732132899;0.5010986328125;-0.42254638671875;-0.287353515625;-0.698486328125;15.142388042511845;5.355931581123993;8.86790564555444;-1.1748046875;0.34326171875;-0.2021484375;73.25;-32.875;-165.3125;
1441975732147900;0.50177001953125;-0.40924072265625;-0.26837158203125;-0.7132568359375;14.855054881226462;5.40160227976194;8.846990329320874;-1.10498046875;0.2666015625;-0.166015625;60.0;-36.6875;-158.25;
1441975732170902;0.50189208984375;-0.39630126953125;-0.25030517578125;-0.72698974609375;14.582945022343123;5.446424469725608;8.827197431478417;-0.927734375;0.265625;-0.1064453125;63.9375;-37.5625;-152.0;
1441975732192903;0.5020751953125;-0.38360595703125;-0.234130859375;-0.73895263671875;14.331716327060327;5.4862183629678976;8.812019281137388;-0.77783203125;0.2666015625;-0.09814453125;61.375;-36.75;-143.625;
1441975732207904;0.50054931640625;-0.37176513671875;-0.2196044921875;-0.75042724609375;14.105165848113828;5.536846700817273;8.805830987003324;-0.72265625;0.2041015625;-0.08154296875;52.3125;-37.0;-131.1875;
1441975732230905;0.49407958984375;-0.365478515625;-0.20904541015625;-0.76068115234375;13.969185041592944;5.61103300447744;8.808918846500902;-0.70556640625;0.13427734375;-0.06982421875;55.6875;-39.125;-116.6875;
1441975732252906;0.48699951171875;-0.36199951171875;-0.2005615234375;-0.7691650390625;13.877977827764283;5.679060367696642;8.808328855750936;-0.61474609375;0.20068359375;-0.04638671875;70.3125;-39.25;-99.0625;
1441975732269907;0.4833984375;-0.36065673828125;-0.19683837890625;-0.77301025390625;13.840511636944926;5.711899196011281;8.808410938319229;-0.48681640625;0.3349609375;-0.08740234375;66.0;-30.25;-79.875;
1441975732290908;0.479736328125;-0.36260986328125;-0.19732666015625;-0.77423095703125;13.866093071959778;5.738487847562808;8.816144048244904;-0.53564453125;0.3125;-0.08544921875;30.3125;-21.75;-55.6875;
1441975732312910;0.47320556640625;-0.36798095703125;-0.1998291015625;-0.77508544921875;13.942336956728141;5.7814302845835766;8.830377413795906;-0.68212890625;0.2998046875;-0.0556640625;17.625;-15.4375;-30.25;
1441975732335911;0.46685791015625;-0.37542724609375;-0.205078125;-0.77398681640625;14.059019331481453;5.819618535156205;8.850631714535693;-0.70849609375;0.34912109375;-0.1025390625;29.375;-11.0;-8.9375;
1441975732351912;0.46063232421875;-0.38519287109375;-0.213134765625;-0.770751953125;14.219464200958477;5.853307793188751;8.876976059073435;-0.68701171875;0.37060546875;-0.14453125;21.375;-7.25;11.25;
1441975732372913;0.4515380859375;-0.398681640625;-0.22393798828125;-0.76617431640625;14.440467566586248;5.906008087551781;8.916864695404444;-0.69287109375;0.3037109375;-0.13232421875;12.3125;0.75;36.0;
1441975732390914;0.44036865234375;-0.41558837890625;-0.23797607421875;-0.75946044921875;14.722441581353987;5.976139822268726;8.97588371173049;-0.669921875;0.345703125;-0.15673828125;19.6875;8.6875;65.5;
1441975732410915;0.4287109375;-0.432861328125;-0.25213623046875;-0.75189208984375;15.011772299655792;6.057590769253381;9.0460776847931;-0.70751953125;0.3720703125;-0.130859375;19.0;18.125;94.5625;
1441975732432917;0.41729736328125;-0.453125;-0.2708740234375;-0.73974609375;15.369068611448574;6.14792605808634;9.14600539671045;-0.8515625;0.50830078125;-0.22705078125;20.75;34.375;129.375;
1441975732456918;0.405517578125;-0.47515869140625;-0.29351806640625;-0.72369384765625;15.777327685712677;6.274796109408195;9.299387778218769;-1.0791015625;0.52197265625;-0.3173828125;2.25;45.5625;161.4375;
1441975732470919;0.3958740234375;-0.4998779296875;-0.32159423828125;-0.70001220703125;16.26364428877284;6.4380252133027085;9.525735294005642;-1.12109375;0.5966796875;-0.18798828125;-14.25;55.4375;188.625;
1441975732492920;0.3896484375;-0.5238037109375;-0.35858154296875;-0.667236328125;16.808682107732714;6.7820538934993575;9.99582197701025;-1.2451171875;0.6591796875;-0.2998046875;-50.9375;76.0625;224.375;
1441975732515921;0.3779296875;-0.54925537109375;-0.3985595703125;-0.62982177734375;17.325744510801258;8.04977110383883;11.386488435484907;-1.78564453125;0.4833984375;-0.26953125;-111.625;85.5;268.5625;
1441975732538923;0.35430908203125;-0.57879638671875;-0.4339599609375;-0.5926513671875;17.34458436547543;11.309783395045393;14.703450625326205;-2.36181640625;0.14453125;-0.10205078125;-106.5625;90.0625;318.3125;
1441975732554923;0.3209228515625;-0.61346435546875;-0.462646484375;-0.5538330078125;16.75172015660765;12.947355751553946;16.33457545143034;-2.6279296875;-0.11181640625;0.02587890625;-39.5;92.875;351.625;
1441975732575925;0.2867431640625;-0.6448974609375;-0.4927978515625;-0.509033203125;15.989882017788545;13.467908372407251;16.872018467448505;-2.46826171875;0.20947265625;0.0966796875;26.1875;105.3125;381.3125;
1441975732590926;0.25885009765625;-0.66259765625;-0.5372314453125;-0.4532470703125;15.148438305073006;13.571942113469463;17.122477183090155;-2.49853515625;0.5322265625;0.01220703125;3.375;111.6875;393.4375;
1441975732612927;0.23028564453125;-0.66815185546875;-0.589599609375;-0.39117431640625;14.257958933430452;13.494406078146827;17.268280879581297;-2.755859375;0.26416015625;0.00634765625;-124.875;106.3125;420.5;
1441975732635928;0.193603515625;-0.6788330078125;-0.6282958984375;-0.32708740234375;13.341909293482367;13.486411699087052;17.411507222272803;-2.76025390625;-0.22314453125;0.27783203125;-200.5625;84.375;445.4375;
1441975732650929;0.1551513671875;-0.695068359375;-0.64697265625;-0.27252197265625;12.542104876508157;13.55044799154779;17.516291801520353;-2.45458984375;0.259765625;0.189453125;-114.75;94.75;459.1875;
1441975732672930;0.1224365234375;-0.70806884765625;-0.6575927734375;-0.2265625;11.880413743442254;13.606570014509453;17.591356869558254;-2.04443359375;0.35009765625;-0.09716796875;-3.5625;83.125;425.6875;
1441975732695932;0.09893798828125;-0.712890625;-0.66876220703125;-0.18682861328125;11.349375276374875;13.612010039643957;17.65931127459048;-1.7578125;0.55322265625;-0.1064453125;15.1875;72.625;351.25;
1441975732710932;0.084716796875;-0.70440673828125;-0.68798828125;-0.15277099609375;10.937705247893126;13.520342883637834;17.723658966349067;-1.66748046875;0.6650390625;-0.1279296875;-26.1875;71.5625;285.125;
1441975732733934;0.0755615234375;-0.6904296875;-0.7091064453125;-0.12176513671875;10.597905596693293;13.39492260609133;17.796165439436123;-1.54931640625;0.4814453125;0.1015625;-113.25;65.625;227.0625;
1441975732755935;0.06842041015625;-0.6783447265625;-0.7255859375;-0.09393310546875;10.310275046490817;13.292581242186216;17.87206058583769;-1.45703125;0.275390625;0.20751953125;-144.0;67.5625;193.9375;
1441975732770936;0.060791015625;-0.66961669921875;-0.737060546875;-0.0689697265625;10.048407349450867;13.22008817748308;17.940986100402643;-1.43017578125;0.05810546875;0.1328125;-119.125;64.875;171.375;
1441975732794937;0.0521240234375;-0.66436767578125;-0.744140625;-0.04742431640625;9.808118549432523;13.17557306677199;17.996176030477656;-1.3251953125;-0.037109375;0.0087890625;-86.1875;54.375;158.6875;
1441975732824939;0.0439453125;-0.66162109375;-0.748046875;-0.0286865234375;9.595216909438612;13.151443605555981;0.043873227990651825;-1.13818359375;0.0029296875;-0.0615234375;-54.25;39.375;144.4375;
