1441975512751351;-0.028564453125;-0.66339111328125;-0.7423095703125;-0.09039306640625;9.44458555775686;13.159330339883153;17.503047236253273;-1.0947265625;0.03173828125;0.12255859375;-266.375;88.3125;198.0;
1441975512775353;-0.03240966796875;-0.638916015625;-0.7664794921875;-0.057373046875;9.135398664954984;12.976966138445134;17.62826907451961;-1.07958984375;-0.10986328125;0.17822265625;-274.5625;89.9375;195.4375;
1441975512790354;-0.03314208984375;-0.6197509765625;-0.7835693359375;-0.03021240234375;8.916982895622283;12.836003040636259;17.746339339917174;-0.92138671875;0.1025390625;0.033203125;-188.0;98.25;187.375;
1441975512811355;-0.029541015625;-0.60595703125;-0.79498291015625;-0.00958251953125;8.797412367972361;12.7341490217565;17.85365592843179;-0.767578125;0.13525390625;-0.03759765625;-142.375;90.375;144.25;
1441975512834356;-0.0167236328125;-0.60357666015625;-0.79718017578125;0.0010986328125;8.83962293621927;12.713820027903441;17.947164318316695;-0.83251953125;0.154296875;-0.0830078125;-101.1875;85.5;98.4375;
1441975512851357;-7.32421875E-4;-0.61553955078125;-0.78814697265625;0.006103515625;8.950338058847342;12.798860788084545;0.024977553228542896;-0.9326171875;0.224609375;-0.0517578125;-24.125;78.5;67.25;
1441975512871358;0.01275634765625;-0.63446044921875;-0.77288818359375;0.0074462890625;9.058835402519286;12.938649390014803;0.07935158406878212;-0.92333984375;0.46826171875;-0.0927734375;73.25;73.3125;28.75;
1441975512894360;0.03082275390625;-0.65447998046875;-0.7554931640625;-7.9345703125E-4;9.272878533849452;13.092897121912017;0.11229626810281049;-0.88134765625;0.78271484375;-0.1513671875;134.875;61.375;-26.125;
1441975512910361;0.05438232421875;-0.6700439453125;-0.74017333984375;-0.017333984375;9.595377933103904;13.222381412781218;0.13604087709552104;-0.84814453125;0.96875;-0.13720703125;148.625;47.9375;-86.5625;
1441975512933362;0.08306884765625;-0.68145751953125;-0.72613525390625;-0.03961181640625;10.005560997316369;13.332465415953841;0.1620913233321571;-0.833984375;1.04833984375;-0.005859375;125.9375;41.375;-144.875;
1441975512954363;0.1160888671875;-0.68701171875;-0.71429443359375;-0.06671142578125;10.492018310744571;13.413411940128297;0.1904690429502681;-0.86328125;1.15478515625;0.107421875;107.0625;40.625;-191.5;
1441975512970364;0.15350341796875;-0.6904296875;-0.70025634765625;-0.09716796875;11.043465413229985;13.501393643753588;0.23222444381889634;-0.88232421875;1.23583984375;0.1982421875;77.6875;38.625;-232.625;
1441975512991365;0.1920166015625;-0.6937255859375;-0.681884765625;-0.1302490234375;11.626702913815905;13.615652298198327;0.2840844143549125;-0.8427734375;1.25048828125;0.3662109375;81.5625;45.9375;-269.4375;
1441975513017367;0.23077392578125;-0.69329833984375;-0.662841796875;-0.16375732421875;12.220485599161123;13.729581864873975;0.3492178304736436;-0.8359375;1.08154296875;0.31640625;99.3125;44.25;-287.9375;
1441975513030367;0.26800537109375;-0.6873779296875;-0.64593505859375;-0.1964111328125;12.803688425848001;13.822563325454293;0.41865031388256224;-1.0576171875;1.197265625;0.1474609375;85.875;41.25;-295.875;
1441975513051369;0.3043212890625;-0.6749267578125;-0.63232421875;-0.22833251953125;13.386810301948945;13.883243777176984;0.4871991670470074;-1.2431640625;1.1181640625;0.03759765625;55.3125;30.6875;-290.875;
1441975513074370;0.341552734375;-0.654296875;-0.62396240234375;-0.25677490234375;13.96609231543765;13.897362839215095;0.5635421912228912;-1.24658203125;1.185546875;0.02294921875;17.8125;17.875;-294.875;
1441975513090371;0.37982177734375;-0.62713623046875;-0.62005615234375;-0.2794189453125;14.522514593696009;13.87786590119276;0.6581136125646526;-1.17138671875;1.0146484375;0.05810546875;-38.9375;14.8125;-294.8125;
1441975513111372;0.41729736328125;-0.60052490234375;-0.61297607421875;-0.29925537109375;15.05697304787324;13.906388686613221;0.7931834157035768;-1.1181640625;0.7626953125;0.11474609375;-92.5625;22.9375;-283.75;
1441975513134373;0.45062255859375;-0.578369140625;-0.5997314453125;-0.32073974609375;15.570017906452332;14.025130937821997;0.968759940284471;-1.16259765625;0.5244140625;0.12890625;-84.0;37.6875;-272.6875;
1441975513150374;0.48052978515625;-0.5574951171875;-0.58380126953125;-0.34283447265625;16.060639532298513;14.226821439735955;1.2039957970957096;-1.19580078125;0.46875;0.04248046875;-37.0625;39.0;-265.3125;
1441975513173376;0.50830078125;-0.5350341796875;-0.56884765625;-0.363037109375;16.51839015683434;14.521319636368677;1.539357733681819;-1.14501953125;0.498046875;-0.0537109375;-16.4375;33.125;-260.375;
1441975513194377;0.533203125;-0.51300048828125;-0.55426025390625;-0.38128662109375;16.917613105501445;15.017475319072368;2.074221858634757;-1.0927734375;0.35546875;-0.07275390625;-26.3125;25.8125;-249.0625;
1441975513211378;0.5545654296875;-0.4930419921875;-0.53924560546875;-0.3983154296875;17.22190312201225;15.918182560791426;3.000489422321474;-1.0263671875;0.26953125;-0.02978515625;-25.1875;23.25;-232.25;
1441975513233379;0.57232666015625;-0.47454833984375;-0.52520751953125;-0.4140625;17.378439476223104;17.345705252941258;4.446193401568357;-1.0;0.17041015625;-0.0400390625;-13.75;20.6875;-212.1875;
1441975513254380;0.5865478515625;-0.45697021484375;-0.513916015625;-0.4278564453125;17.365641585622054;0.8479038005214934;5.967805788973682;-0.97998046875;0.09521484375;-0.076171875;-7.75;13.5;-191.125;
1441975513270381;0.59710693359375;-0.44061279296875;-0.5052490234375;-0.44049072265625;17.255158797855003;1.9279449688351284;7.064440978568822;-0.9755859375;-0.04833984375;-0.1123046875;-10.9375;0.3125;-164.3125;
1441975513293382;0.60272216796875;-0.4290771484375;-0.49615478515625;-0.454345703125;17.11166055783969;2.606809001637955;7.727115888698385;-0.93994140625;-0.36669921875;-0.193359375;-9.1875;-14.6875;-136.0625;
1441975513314384;0.59375;-0.42633056640625;-0.49359130859375;-0.47125244140625;17.109647984998343;3.18478506905408;8.230871797819065;-0.99365234375;-0.18359375;0.02783203125;22.375;-14.6875;-115.75;
1441975513332385;0.58233642578125;-0.42938232421875;-0.4918212890625;-0.48443603515625;17.140777937725673;3.584894662412899;8.546013153934247;-1.01123046875;-0.0517578125;0.19482421875;78.375;-46.8125;-48.3125;
1441975513353386;0.57110595703125;-0.4327392578125;-0.49072265625;-0.49578857421875;17.171507231623984;3.963879727258995;8.847036400986275;-0.9599609375;0.0546875;0.0029296875;88.6875;-46.5625;-17.3125;
1441975513374387;0.55841064453125;-0.43597412109375;-0.49029541015625;-0.5076904296875;17.197917908149748;4.422863129195769;9.22465777728301;-1.13330078125;-0.02294921875;-0.07666015625;82.1875;-49.75;-6.125;
1441975513390388;0.547119140625;-0.4385986328125;-0.49212646484375;-0.51593017578125;17.23056310035212;4.8574602603758334;9.60076747023978;-1.14892578125;-0.03466796875;-0.060546875;85.8125;-58.375;-1.4375;
1441975513413389;0.537353515625;-0.44024658203125;-0.49798583984375;-0.5191650390625;17.28495631241246;5.315415371796997;10.03339945135386;-1.12646484375;-0.01904296875;-0.0888671875;62.9375;-57.9375;9.4375;
1441975513435391;0.52899169921875;-0.4407958984375;-0.5074462890625;-0.51812744140625;17.34920881921498;5.860345456557056;10.582812937911953;-1.08203125;0.02685546875;-0.0771484375;29.625;-57.3125;26.625;
1441975513450391;0.5205078125;-0.44189453125;-0.5186767578125;-0.51470947265625;17.409588407958044;6.55950524714102;11.296445196319537;-1.06201171875;0.01318359375;-0.02490234375;-0.5;-54.4375;45.625;
1441975513473393;0.5101318359375;-0.44476318359375;-0.52978515625;-0.51123046875;17.438172251717766;7.453218855493775;12.193992279015827;-1.07421875;0.00830078125;0.01123046875;-10.375;-51.1875;61.375;
1441975513494394;0.4984130859375;-0.44891357421875;-0.54046630859375;-0.5079345703125;17.4125384179194;8.405831760567605;13.141204581016574;-1.06982421875;0.02392578125;0.03076171875;0.4375;-50.9375;72.25;
1441975513517395;0.486572265625;-0.45318603515625;-0.55145263671875;-0.50384521484375;17.33266434146435;9.234609501250851;13.967086543238425;-1.0302734375;0.05908203125;0.03662109375;9.8125;-51.1875;77.75;
1441975513539397;0.4754638671875;-0.45703125;-0.5631103515625;-0.49798583984375;17.215505050109247;9.87773458448462;14.617737156729605;-1.00732421875;0.0771484375;0.044921875;7.125;-49.875;82.625;
1441975513554397;0.4649658203125;-0.46075439453125;-0.5750732421875;-0.49072265625;17.074357470516954;10.36141008657976;15.116034620112648;-0.99609375;0.0859375;0.06005859375;-2.875;-46.5;88.5;
1441975513570398;0.455322265625;-0.46417236328125;-0.58685302734375;-0.48260498046875;16.92226595172526;10.71382708171703;15.488429605597219;-0.9619140625;0.0947265625;0.07177734375;-9.8125;-41.5;93.4375;
1441975513593400;0.4464111328125;-0.46685791015625;-0.59832763671875;-0.4742431640625;16.76528972622609;10.961467905849958;15.760214070620675;-0.9482421875;0.111328125;0.0673828125;-15.0;-37.625;93.8125;
1441975513614401;0.4378662109375;-0.46917724609375;-0.60931396484375;-0.4656982421875;16.60706610177081;11.145976475219632;15.970271701737268;-0.927734375;0.10498046875;0.076171875;-19.0625;-35.875;92.0625;
1441975513632402;0.4295654296875;-0.47174072265625;-0.61962890625;-0.457275390625;16.450858818483237;11.293788447908712;16.141438652560563;-0.88818359375;0.11669921875;0.080078125;-20.5625;-33.875;90.3125;
1441975513653403;0.421630859375;-0.47406005859375;-0.629150390625;-0.44915771484375;16.300278014108052;11.407267749279292;16.277009591983806;-0.84228515625;0.15625;0.08740234375;-18.5;-30.6875;86.125;
1441975513674404;0.41485595703125;-0.47607421875;-0.6375732421875;-0.44134521484375;16.165759061438596;11.497106057688457;16.389187521769305;-0.80126953125;0.2080078125;0.11181640625;-17.6875;-27.0625;79.375;
1441975513690405;0.40966796875;-0.47735595703125;-0.64471435546875;-0.4344482421875;16.054747233344685;11.559894095509367;16.474648789007194;-0.79345703125;0.26220703125;0.115234375;-19.0;-22.0;69.0625;
1441975513713406;0.40570068359375;-0.4781494140625;-0.65069580078125;-0.4283447265625;15.963642399874834;11.606194529663561;16.542904189637948;-0.802734375;0.27978515625;0.111328125;-19.875;-18.125;56.5;
1441975513734408;0.4027099609375;-0.478759765625;-0.6552734375;-0.42340087890625;15.893122889729447;11.640891678477287;16.595411857137;-0.7939453125;0.28955078125;0.11669921875;-20.1875;-14.3125;46.1875;
1441975513750409;0.40081787109375;-0.4793701171875;-0.658203125;-0.41998291015625;15.847080739467104;11.666578304703872;16.63268491318023;-0.7470703125;0.30517578125;0.13134765625;-16.5625;-9.75;34.125;
1441975513773410;0.39996337890625;-0.480224609375;-0.65936279296875;-0.41802978515625;15.825632854157362;11.688961238761024;16.65933730872674;-0.7138671875;0.3017578125;0.14697265625;-10.4375;-4.5;21.6875;
1441975513794411;0.40032958984375;-0.4813232421875;-0.65863037109375;-0.41748046875;15.831141305804033;11.710326298156495;16.677997109063465;-0.69921875;0.306640625;0.154296875;-3.8125;1.0;9.125;
1441975513818412;0.4019775390625;-0.48211669921875;-0.65679931640625;-0.41796875;15.858467654039075;11.72491576845103;16.68806904325979;-0.69921875;0.30224609375;0.150390625;2.4375;6.3125;-3.3125;
1441975513833413;0.405029296875;-0.48211669921875;-0.6541748046875;-0.41912841796875;15.906165187594247;11.729076534466051;16.68972983818597;-0.70263671875;0.29833984375;0.1513671875;3.6875;10.375;-13.75;
1441975513857415;0.40966796875;-0.48101806640625;-0.651123046875;-0.420654296875;15.972875571649569;11.720039002051191;16.683585344741456;-0.69921875;0.2919921875;0.14453125;1.1875;13.6875;-23.9375;
1441975513870415;0.41522216796875;-0.4791259765625;-0.64794921875;-0.4222412109375;16.04942195448141;11.701346497436402;16.67218580487334;-0.70556640625;0.2568359375;0.14501953125;-3.875;17.0625;-31.4375;
1441975513893417;0.42138671875;-0.47686767578125;-0.64434814453125;-0.4241943359375;16.135519630875596;11.67530402744102;16.653904783870047;-0.70068359375;0.22509765625;0.1494140625;-8.25;19.4375;-34.9375;
1441975513914418;0.42803955078125;-0.47418212890625;-0.640380859375;-0.42657470703125;16.229791036849868;11.638511197877257;16.625176467008924;-0.71923828125;0.2099609375;0.1484375;-9.1875;20.8125;-39.125;
1441975513936419;0.434814453125;-0.47119140625;-0.63616943359375;-0.42919921875;16.327423693337824;11.591714922096225;16.58629295367335;-0.779296875;0.1806640625;0.1318359375;-9.3125;19.8125;-42.25;
1441975513954420;0.44122314453125;-0.46820068359375;-0.63214111328125;-0.431884765625;16.420297069846093;11.537600000797857;16.53939882246385;-0.818359375;0.13330078125;0.11767578125;-9.75;18.375;-41.6875;
1441975513977422;0.4471435546875;-0.46527099609375;-0.62823486328125;-0.4346923828125;16.507696077153927;11.475485904093288;16.482954872788593;-0.80517578125;0.1025390625;0.11083984375;-8.5625;16.625;-39.4375;
1441975513990422;0.45233154296875;-0.4625244140625;-0.6246337890625;-0.4375;16.585700585345595;11.407462525078746;16.418898048761523;-0.779296875;0.0634765625;0.1044921875;-6.8125;14.4375;-36.6875;
1441975514020424;0.45648193359375;-0.4605712890625;-0.6212158203125;-0.44012451171875;16.65191748404003;11.348143492044372;16.35939339829212;-0.76904296875;0.03076171875;0.125;-5.0625;13.25;-32.3125;
1441975514034425;0.4595947265625;-0.4593505859375;-0.617919921875;-0.4427490234375;16.707395196139633;11.29611075549251;16.302490190389936;-0.79931640625;0.056640625;0.12744140625;-0.5;11.6875;-28.3125;
1441975514052426;0.46197509765625;-0.4586181640625;-0.61468505859375;-0.4454345703125;16.755568239693382;11.247687879132753;16.245728554923254;-0.875;0.099609375;0.1328125;3.625;9.0;-26.0;
1441975514096428;0.464111328125;-0.458251953125;-0.61138916015625;-0.44818115234375;16.80169502979305;11.201800172641644;16.189377208716113;-0.9736328125;0.13037109375;0.13623046875;7.0;7.125;-24.5;
1441975514098428;0.4652099609375;-0.4588623046875;-0.60772705078125;-0.45135498046875;16.841649501402717;11.166234839963378;16.135301489035577;-1.00146484375;0.111328125;0.14697265625;9.5625;7.5625;-22.125;
1441975514116430;0.46429443359375;-0.4615478515625;-0.602783203125;-0.4561767578125;16.875220604798507;11.14588613857094;16.07621623502283;-0.98291015625;0.0751953125;0.169921875;18.1875;8.625;-17.75;
1441975514148431;0.46142578125;-0.46612548828125;-0.59735107421875;-0.46160888671875;16.8963587791593;11.156452124627103;16.03386346785152;-0.986328125;0.05908203125;0.18212890625;38.5;6.8125;-14.75;
1441975514161432;0.457763671875;-0.471435546875;-0.5927734375;-0.4656982421875;16.903405971306196;11.208398513964363;16.03493624055314;-0.97705078125;0.0966796875;0.18603515625;53.0625;5.25;-10.8125;
1441975514185433;0.4552001953125;-0.47503662109375;-0.59039306640625;-0.467529296875;16.901190109038136;11.260597832807166;16.057241914659215;-0.95068359375;0.15234375;0.1748046875;50.9375;5.5625;-4.25;
1441975514193434;0.4541015625;-0.4765625;-0.5902099609375;-0.46734619140625;16.892932091585315;11.299142048544718;16.088233565468776;-0.95458984375;0.1640625;0.166015625;30.125;4.875;1.75;
1441975514215435;0.4532470703125;-0.47711181640625;-0.59149169921875;-0.46600341796875;16.874456237739537;11.33337442282011;16.126028469358573;-0.96044921875;0.12158203125;0.17138671875;8.75;3.875;7.9375;
1441975514236436;0.451904296875;-0.477783203125;-0.59332275390625;-0.4642333984375;16.846937649694155;11.374996751220353;16.172303761410483;-0.958984375;0.08935546875;0.19091796875;-1.8125;3.0;14.9375;
1441975514253437;0.449951171875;-0.479248046875;-0.59539794921875;-0.4620361328125;16.81117807437008;11.43751675435501;16.23737266367661;-0.96533203125;0.07666015625;0.19921875;-2.5625;2.0;21.0;
1441975514275439;0.44732666015625;-0.48114013671875;-0.5977783203125;-0.45947265625;16.76598347981771;11.509147064600299;16.310370354787892;-0.970703125;0.0830078125;0.18212890625;0.0;1.125;26.9375;
1441975514296440;0.444091796875;-0.48309326171875;-0.60052490234375;-0.45697021484375;16.712216635346607;11.573244247172381;16.37480044286977;-0.98388671875;0.08544921875;0.1787109375;1.5;-0.375;32.4375;
1441975514313441;0.440185546875;-0.48529052734375;-0.6036376953125;-0.45440673828125;16.64910146408046;11.634735486943407;16.4352369288688;-0.9931640625;0.07666015625;0.17724609375;2.8125;-3.375;36.625;
1441975514335442;0.435791015625;-0.48773193359375;-0.60693359375;-0.4515380859375;16.578982995616094;11.697659999586612;16.496456817776586;-0.98095703125;0.08251953125;0.18408203125;4.0;-5.6875;40.625;
1441975514356443;0.43096923828125;-0.49041748046875;-0.61041259765625;-0.4486083984375;16.50287040079659;11.757843998912353;16.553709881465693;-0.96923828125;0.09375;0.18505859375;5.0;-6.5;43.9375;
1441975514373444;0.4259033203125;-0.4930419921875;-0.614013671875;-0.44561767578125;16.423162552205028;11.811012750858628;16.603978923769137;-0.96923828125;0.11669921875;0.18603515625;6.375;-7.5625;45.8125;
1441975514395445;0.4207763671875;-0.49554443359375;-0.6177978515625;-0.4425048828125;16.341023200803395;11.857791944169659;16.648929563385025;-0.97412109375;0.134765625;0.19287109375;6.25;-8.9375;46.8125;
1441975514416447;0.41558837890625;-0.497802734375;-0.62164306640625;-0.43939208984375;16.25790440544057;11.896302377036328;16.686350138925963;-0.9658203125;0.15380859375;0.2001953125;5.0625;-9.1875;47.125;
1441975514433448;0.41070556640625;-0.5;-0.625244140625;-0.4364013671875;16.17925057942564;11.931137748064698;16.72007534975694;-0.9619140625;0.17041015625;0.2080078125;4.5625;-9.75;46.375;
1441975514455449;0.4061279296875;-0.50201416015625;-0.62872314453125;-0.43341064453125;16.104079085345038;11.962017362420639;16.75090469280684;-0.94970703125;0.189453125;0.197265625;4.1875;-9.6875;44.375;
1441975514485451;0.40216064453125;-0.50347900390625;-0.632080078125;-0.43048095703125;16.035812370912762;11.984880366127243;16.7765528754004;-0.93896484375;0.21240234375;0.1953125;3.0;-9.0625;41.375;
1441975514499451;0.39892578125;-0.5042724609375;-0.63519287109375;-0.427978515625;15.977815322407505;11.996521974224907;16.793077356162392;-0.92724609375;0.23583984375;0.1875;-0.3125;-8.5;36.875;
1441975514518453;0.3966064453125;-0.50439453125;-0.63787841796875;-0.42596435546875;15.933169773486291;11.99871206371982;16.80206460227624;-0.9140625;0.23193359375;0.18798828125;-2.9375;-8.4375;31.5625;
1441975514537454;0.3948974609375;-0.5042724609375;-0.6400146484375;-0.42449951171875;15.899631607200366;11.99667357422743;16.80606498273561;-0.916015625;0.22607421875;0.18701171875;-5.0;-7.625;26.0;
1441975514552454;0.39373779296875;-0.50390625;-0.64154052734375;-0.4237060546875;15.877489535565765;11.989718057370734;16.80367507852732;-0.92236328125;0.2236328125;0.1875;-4.4375;-6.5625;20.5625;
1441975514575456;0.3931884765625;-0.50347900390625;-0.64239501953125;-0.42340087890625;15.86675752686335;11.982171901089728;16.79921731258606;-0.92919921875;0.220703125;0.18798828125;-3.5;-5.75;15.125;
1441975514597457;0.393310546875;-0.50262451171875;-0.64288330078125;-0.42364501953125;15.866709176372677;11.967722496955988;16.78832083057713;-0.93408203125;0.21826171875;0.17431640625;-2.6875;-5.0;9.875;
1441975514612458;0.39398193359375;-0.50140380859375;-0.64288330078125;-0.42437744140625;15.876719347937076;11.947802810269813;16.771746030572576;-0.93701171875;0.2109375;0.17333984375;-3.0625;-4.1875;4.6875;
1441975514635459;0.39508056640625;-0.50006103515625;-0.64263916015625;-0.42535400390625;15.892932543897235;11.925918430924776;16.753332481173693;-0.935546875;0.19775390625;0.169921875;-3.5;-3.6875;0.25;
1441975514657460;0.396484375;-0.49859619140625;-0.64208984375;-0.42657470703125;15.914650211313393;11.901910136066833;16.732417550208908;-0.923828125;0.1943359375;0.16552734375;-3.75;-2.9375;-3.125;
1441975514672461;0.3983154296875;-0.49700927734375;-0.64117431640625;-0.42816162109375;15.943690224183937;11.874863286984809;16.70787805903129;-0.9248046875;0.19580078125;0.15869140625;-3.625;-2.5;-6.5;
1441975514695463;0.40020751953125;-0.4952392578125;-0.64007568359375;-0.4300537109375;15.975449690491025;11.842759487273865;16.67756992603211;-0.94189453125;0.18310546875;0.1416015625;-3.75;-2.875;-9.4375;
1441975514717464;0.40216064453125;-0.49359130859375;-0.63861083984375;-0.4322509765625;16.01071296784301;11.809930529329506;16.64438750588421;-0.94287109375;0.17822265625;0.14111328125;-3.1875;-3.1875;-11.75;
1441975514734465;0.40399169921875;-0.49212646484375;-0.63677978515625;-0.4349365234375;16.04829707740146;11.774781975024563;16.60548968537284;-0.94482421875;0.1728515625;0.140625;-1.25;-3.3125;-13.75;
1441975514762466;0.40582275390625;-0.490966796875;-0.63446044921875;-0.43792724609375;16.08940561524698;11.74114717055734;16.564903436616177;-0.94775390625;0.17138671875;0.1484375;1.875;-3.0;-15.9375;
1441975514778467;0.407470703125;-0.490234375;-0.6318359375;-0.44110107421875;16.130781783612647;11.710800510086443;16.52440968675149;-0.95166015625;0.17041015625;0.14990234375;5.4375;-2.0625;-18.0;
1441975514793468;0.4093017578125;-0.489501953125;-0.6290283203125;-0.44415283203125;16.17443329895478;11.681149858386268;16.484997483679273;-0.94677734375;0.18408203125;0.15625;8.125;-0.6875;-19.5;
1441975514815470;0.411376953125;-0.4886474609375;-0.626220703125;-0.44708251953125;16.219759366219368;11.64971959026093;16.445231166407464;-0.943359375;0.18994140625;0.15283203125;7.875;0.6875;-21.0;
1441975514837471;0.413818359375;-0.4876708984375;-0.62353515625;-0.44970703125;16.26656218392318;11.618127709372953;16.407954086460983;-0.9423828125;0.1962890625;0.162109375;6.6875;2.375;-22.375;
1441975514852472;0.416748046875;-0.4864501953125;-0.620849609375;-0.45196533203125;16.316743049430386;11.585832283561388;16.37317613332074;-0.93017578125;0.20361328125;0.16650390625;4.125;4.25;-23.6875;
1441975514874473;0.42022705078125;-0.4849853515625;-0.61834716796875;-0.453857421875;16.369588977408185;11.552091764055263;16.34081959547897;-0.93994140625;0.19921875;0.1630859375;1.0;6.625;-24.5625;
1441975514898474;0.4239501953125;-0.48321533203125;-0.615966796875;-0.45550537109375;16.423132566631896;11.514193396000326;16.30697426825308;-0.9443359375;0.19482421875;0.158203125;-2.8125;8.125;-25.1875;
1441975514912475;0.42767333984375;-0.48162841796875;-0.61346435546875;-0.45703125;16.477013858540317;11.478926438934609;16.275235703167574;-0.94775390625;0.185546875;0.17333984375;-5.0;10.0;-25.3125;
1441975514935476;0.43157958984375;-0.47998046875;-0.61102294921875;-0.45831298828125;16.531450749537854;11.443538269442286;16.24496527352632;-0.9541015625;0.181640625;0.16552734375;-4.6875;10.5625;-25.0625;
1441975514958478;0.435302734375;-0.4783935546875;-0.60882568359375;-0.4593505859375;16.58192651357345;11.409507493768157;16.216768713672856;-0.96044921875;0.1728515625;0.15478515625;-6.125;11.0625;-24.5;
1441975514972478;0.43878173828125;-0.4769287109375;-0.606689453125;-0.46044921875;16.629721054559127;11.374253327624885;16.18628733431676;-0.96435546875;0.17041015625;0.15478515625;-6.625;10.9375;-23.25;
1441975514996480;0.44189453125;-0.4757080078125;-0.6044921875;-0.4615478515625;16.67456001598134;11.341409521622204;16.15630701301586;-0.95849609375;0.16162109375;0.1572265625;-5.5625;10.4375;-21.6875;
1441975515024481;0.44439697265625;-0.474853515625;-0.60247802734375;-0.4627685546875;16.71272016890269;11.31102510343726;16.12613865160874;-0.96240234375;0.14453125;0.1591796875;-3.4375;10.3125;-19.9375;
1441975515035482;0.44635009765625;-0.47418212890625;-0.6007080078125;-0.4638671875;16.744021428213248;11.283997681407659;16.098312003035012;-0.96630859375;0.14111328125;0.166015625;-0.6875;9.125;-17.1875;
1441975515055483;0.4478759765625;-0.47369384765625;-0.59930419921875;-0.4647216796875;16.76854745833329;11.262773995962819;16.076308805965308;-0.96142578125;0.134765625;0.16845703125;0.375;7.6875;-14.3125;
1441975515077484;0.448974609375;-0.47344970703125;-0.5982666015625;-0.4652099609375;16.78624660980003;11.251473599835434;16.06443361922003;-0.95751953125;0.12744140625;0.17236328125;1.0;7.0;-10.75;
1441975515093485;0.4498291015625;-0.47332763671875;-0.59783935546875;-0.465087890625;16.79669078237585;11.251887511722346;16.06674978574157;-0.9560546875;0.13232421875;0.173828125;0.375;6.1875;-7.25;
1441975515114487;0.450439453125;-0.47308349609375;-0.59796142578125;-0.46453857421875;16.80049365638194;11.256121821633545;16.075382370608995;-0.96044921875;0.1455078125;0.162109375;-1.6875;5.4375;-3.4375;
1441975515137488;0.450927734375;-0.47283935546875;-0.59844970703125;-0.4637451171875;16.800260776406525;11.263850030932886;16.0889129491636;-0.96826171875;0.14404296875;0.16259765625;-3.875;3.875;-0.1875;
1441975515177490;0.450927734375;-0.47259521484375;-0.59930419921875;-0.4627685546875;16.79286448361822;11.273906639018945;16.104997889094488;-0.96826171875;0.14306640625;0.15966796875;-5.4375;2.6875;2.5625;
1441975515179490;0.45050048828125;-0.47247314453125;-0.600341796875;-0.4620361328125;16.78065951222419;11.281549067312614;16.116894088010834;-0.970703125;0.1357421875;0.166015625;-5.5;1.125;5.4375;
1441975515205492;0.4498291015625;-0.47265625;-0.60137939453125;-0.461181640625;16.766172731356075;11.297303525220736;16.135684531681306;-0.97216796875;0.12646484375;0.162109375;-3.4375;-1.0625;7.875;
1441975515213492;0.4486083984375;-0.4730224609375;-0.60272216796875;-0.46026611328125;16.74453343416905;11.316393199787312;16.156778376440855;-0.96337890625;0.1162109375;0.15673828125;-2.1875;-1.6875;10.4375;
1441975515235494;0.44708251953125;-0.47344970703125;-0.604248046875;-0.45928955078125;16.71874948653543;11.336384183197898;16.178444067929057;-0.95703125;0.1220703125;0.16162109375;-1.0625;-3.1875;13.0;
1441975515259495;0.4453125;-0.47418212890625;-0.6058349609375;-0.45819091796875;16.69010500311067;11.363110418018906;16.205791837647855;-0.95751953125;0.12548828125;0.16552734375;-0.6875;-4.4375;15.0;
1441975515273496;0.44329833984375;-0.4749755859375;-0.60748291015625;-0.45703125;16.65867351512101;11.390461655105026;16.2332693559653;-0.9609375;0.13623046875;0.16015625;0.4375;-4.9375;16.375;
1441975515302497;0.44140625;-0.47576904296875;-0.6092529296875;-0.4556884765625;16.627008093707097;11.419034613846993;16.263188732511722;-0.96142578125;0.150390625;0.15966796875;0.875;-5.375;17.25;
1441975515319498;0.4395751953125;-0.4764404296875;-0.61114501953125;-0.45428466796875;16.59479962285331;11.444631749455041;16.29118824382297;-0.966796875;0.15966796875;0.15625;-0.1875;-5.5625;17.5625;
1441975515333499;0.4378662109375;-0.4769287109375;-0.6129150390625;-0.4530029296875;16.56471468661973;11.464576256719369;16.3137232607836;-0.96337890625;0.1630859375;0.15234375;-1.5;-6.0;17.5;
1441975515355500;0.43621826171875;-0.4774169921875;-0.61456298828125;-0.45184326171875;16.536186857850545;11.482414542989027;16.33361516023809;-0.95556640625;0.1513671875;0.15576171875;-1.8125;-5.8125;17.25;
1441975515377502;0.43463134765625;-0.47784423828125;-0.6160888671875;-0.45086669921875;16.50938042313319;11.496456750403814;16.34917341827519;-0.951171875;0.14990234375;0.1552734375;-1.125;-5.875;16.8125;
1441975515393503;0.43310546875;-0.47845458984375;-0.61737060546875;-0.449951171875;16.48483598783456;11.513165726955062;16.3661561071719;-0.9501953125;0.14453125;0.1611328125;-0.125;-5.75;16.0625;
1441975515414504;0.43157958984375;-0.4788818359375;-0.61859130859375;-0.44921875;16.461139614735597;11.524098131949893;16.377197143981878;-0.9501953125;0.154296875;0.150390625;0.5;-5.5;15.25;
1441975515438505;0.43035888671875;-0.479248046875;-0.61962890625;-0.44854736328125;16.441547053244317;11.533903840870169;16.38744209706135;-0.94677734375;0.15478515625;0.1572265625;0.5625;-5.75;14.0625;
1441975515454506;0.42919921875;-0.47967529296875;-0.62054443359375;-0.44805908203125;16.423674487563485;11.542582103052599;16.395646263028446;-0.947265625;0.15234375;0.1533203125;0.5;-5.25;12.75;
1441975515476507;0.42822265625;-0.47998046875;-0.6212158203125;-0.4476318359375;16.409318303728025;11.549454445136917;16.402066072960153;-0.94775390625;0.1572265625;0.15771484375;1.0625;-4.75;11.5;
1441975515497509;0.42755126953125;-0.480224609375;-0.6217041015625;-0.44732666015625;16.399209929943247;11.554701549031064;16.40700414403453;-0.9443359375;0.1630859375;0.1591796875;1.125;-3.875;9.75;
1441975515514509;0.42724609375;-0.48040771484375;-0.62200927734375;-0.447021484375;16.39363282448713;11.560015614395336;16.412692404026885;-0.9462890625;0.169921875;0.1572265625;0.6875;-2.9375;7.6875;
1441975515534511;0.42718505859375;-0.48040771484375;-0.62213134765625;-0.4468994140625;16.391979476260488;11.56104027035317;16.414256673247493;-0.9443359375;0.1748046875;0.14599609375;0.125;-2.375;5.5625;
1441975515557512;0.42755126953125;-0.48016357421875;-0.62213134765625;-0.4468994140625;16.395334004948857;11.557578411046627;16.412535407438217;-0.939453125;0.17578125;0.15087890625;-0.8125;-1.25;3.3125;
1441975515573513;0.4276123046875;-0.4801025390625;-0.62200927734375;-0.44696044921875;16.39689527545874;11.556361318791026;16.411153009927503;-0.93896484375;0.169921875;0.1552734375;-1.25;-0.3125;1.0;
1441975515594514;0.42852783203125;-0.47979736328125;-0.62139892578125;-0.44732666015625;16.41016985875254;11.550103749489908;16.405534706164136;-0.93896484375;0.16455078125;0.1513671875;-0.25;0.25;-1.0;
1441975515617515;0.42962646484375;-0.47930908203125;-0.6207275390625;-0.44775390625;16.425702048978163;11.540424856644762;16.397199498252093;-0.953125;0.1640625;0.1474609375;-0.625;1.125;-3.125;
1441975515641517;0.4310302734375;-0.47869873046875;-0.619873046875;-0.4482421875;16.44537846084203;11.528770676601482;16.38740580587768;-0.9560546875;0.17041015625;0.14599609375;-1.5;1.625;-4.875;
1441975515654517;0.4324951171875;-0.47802734375;-0.6187744140625;-0.44903564453125;16.467934706871727;11.512689182089591;16.371940326802253;-0.95458984375;0.16015625;0.1416015625;-2.1875;2.375;-6.5;
1441975515677519;0.433837890625;-0.4776611328125;-0.6173095703125;-0.4500732421875;16.49230782172527;11.499131835846606;16.35599513033963;-0.95263671875;0.15234375;0.1552734375;-0.8125;3.0625;-7.8125;
1441975515693520;0.43524169921875;-0.4775390625;-0.61566162109375;-0.451171875;16.518486768706385;11.489121052965197;16.34233313032542;-0.9560546875;0.1494140625;0.15087890625;2.1875;3.75;-9.0;
1441975515715521;0.43682861328125;-0.47723388671875;-0.61407470703125;-0.4521484375;16.545658996913087;11.477196751609569;16.328354179245338;-0.96142578125;0.154296875;0.14453125;3.1875;4.3125;-9.625;
1441975515737522;0.4384765625;-0.47674560546875;-0.6126708984375;-0.4530029296875;16.571874599183428;11.462730253538172;16.31342799771761;-0.9619140625;0.15185546875;0.1416015625;1.6875;4.5625;-10.0;
1441975515753523;0.440185546875;-0.47613525390625;-0.61126708984375;-0.453857421875;16.598629770655876;11.445570378682705;16.296346971266903;-0.96240234375;0.14794921875;0.14208984375;0.1875;4.75;-10.125;
1441975515775524;0.44171142578125;-0.47564697265625;-0.60986328125;-0.4547119140625;16.62369658584853;11.429849314339867;16.279836551779795;-0.9677734375;0.14306640625;0.1484375;0.0625;4.8125;-10.0625;
1441975515797526;0.443115234375;-0.47528076171875;-0.60845947265625;-0.45562744140625;16.647715275309327;11.414772948371283;16.26308175648438;-0.958984375;0.13916015625;0.1455078125;0.375;4.5625;-9.8125;
1441975515813527;0.44439697265625;-0.47509765625;-0.60699462890625;-0.45648193359375;16.670927947751146;11.403684653043571;16.24944798855878;-0.95947265625;0.14013671875;0.14599609375;1.1875;4.5625;-9.375;
1441975515834528;0.445556640625;-0.47509765625;-0.60552978515625;-0.45733642578125;16.693005446625058;11.395604621689314;16.237934688752777;-0.962890625;0.140625;0.14208984375;2.5;4.5625;-9.0;
1441975515857529;0.446533203125;-0.47515869140625;-0.604248046875;-0.4580078125;16.711850523337716;11.390680034633236;16.229950593679437;-0.95849609375;0.14892578125;0.13671875;3.25;4.5625;-8.6875;
1441975515873530;0.44757080078125;-0.47509765625;-0.60302734375;-0.4586181640625;16.730714030961277;11.38400760770598;16.221108236833317;-0.96630859375;0.162109375;0.14208984375;2.625;4.5;-8.3125;
1441975515894531;0.4486083984375;-0.47491455078125;-0.6019287109375;-0.45928955078125;16.748786068047387;11.373224589467016;16.208672500672442;-0.9658203125;0.16015625;0.13720703125;1.75;4.3125;-8.25;
1441975515918533;0.449462890625;-0.474853515625;-0.60076904296875;-0.46002197265625;16.76575694370862;11.36363352870429;16.196210630607403;-0.96533203125;0.15087890625;0.14599609375;1.4375;4.125;-8.0;
1441975515933533;0.45013427734375;-0.47503662109375;-0.599609375;-0.46075439453125;16.78107748636399;11.358665700806469;16.18713394822191;-0.9560546875;0.14404296875;0.1484375;2.625;4.1875;-7.5625;
1441975515954535;0.45074462890625;-0.47528076171875;-0.5985107421875;-0.4613037109375;16.795158130210062;11.357807824581265;16.18253961376145;-0.958984375;0.15771484375;0.14111328125;3.8125;3.875;-7.1875;
1441975515977536;0.4512939453125;-0.47515869140625;-0.5977783203125;-0.4617919921875;16.805988348667736;11.349128931607304;16.17225115438752;-0.96044921875;0.1572265625;0.1318359375;3.5;3.375;-6.4375;
1441975515993537;0.45184326171875;-0.47503662109375;-0.59716796875;-0.46221923828125;16.815824819116116;11.341002427458873;16.163031991898812;-0.96044921875;0.15380859375;0.1435546875;1.375;2.625;-5.75;
1441975516016538;0.4522705078125;-0.47503662109375;-0.5965576171875;-0.46258544921875;16.824501889508525;11.336394117524673;16.15681462530181;-0.9609375;0.1455078125;0.14111328125;0.875;2.1875;-4.9375;
1441975516037539;0.45245361328125;-0.47509765625;-0.595947265625;-0.463134765625;16.83128027446369;11.329579029398655;16.14698682856262;-0.96826171875;0.1435546875;0.138671875;1.625;1.875;-4.0625;
1441975516053540;0.4525146484375;-0.47528076171875;-0.595458984375;-0.46343994140625;16.835780531890038;11.329381906055032;16.144147642734392;-0.96826171875;0.1396484375;0.14013671875;2.75;1.1875;-3.1875;
1441975516076542;0.45245361328125;-0.4754638671875;-0.59527587890625;-0.46368408203125;16.836886546819056;11.329347010410174;16.14215351356632;-0.96826171875;0.1416015625;0.13427734375;2.6875;0.875;-1.875;
1441975516097543;0.45233154296875;-0.4755859375;-0.59521484375;-0.46368408203125;16.836269914806387;11.33211148799991;16.144050129443023;-0.96484375;0.13818359375;0.1396484375;1.8125;0.4375;-0.5;
1441975516113544;0.4521484375;-0.4757080078125;-0.59527587890625;-0.46368408203125;16.834219079762995;11.334484594832047;16.14572126407227;-0.9619140625;0.13916015625;0.1376953125;1.0;0.0625;0.6875;
1441975516136545;0.45184326171875;-0.47589111328125;-0.595458984375;-0.4635009765625;16.829972127002623;11.341090653747226;16.15199539794214;-0.96142578125;0.1376953125;0.13671875;0.75;-0.375;1.5;
1441975516157546;0.4515380859375;-0.47601318359375;-0.59576416015625;-0.46331787109375;16.82482383729203;11.345976154711574;16.157065943241992;-0.96435546875;0.14599609375;0.1396484375;0.4375;-0.4375;2.375;
1441975516174547;0.451171875;-0.4761962890625;-0.59613037109375;-0.46295166015625;16.818446996542338;11.355203996313374;16.166848982177807;-0.96337890625;0.1435546875;0.14208984375;0.0;-0.75;2.75;
1441975516227550;0.45086669921875;-0.4764404296875;-0.5965576171875;-0.4625244140625;16.812040090017142;11.366543403104185;16.179075591453387;-0.96142578125;0.15380859375;0.13720703125;-0.25;-0.625;3.0;
1441975516229550;0.45068359375;-0.47650146484375;-0.59698486328125;-0.46209716796875;16.806711909626518;11.373997340799292;16.18830405263779;-0.9580078125;0.1591796875;0.13232421875;-0.9375;-0.4375;3.125;
1441975516234551;0.45062255859375;-0.47650146484375;-0.597412109375;-0.46148681640625;16.802192121128027;11.383437774170527;16.200591833003422;-0.9619140625;0.15234375;0.13671875;-1.6875;-0.375;3.125;
1441975516256552;0.4505615234375;-0.47662353515625;-0.597900390625;-0.46087646484375;16.79716960969213;11.39512242869365;16.214919394442507;-0.95166015625;0.15087890625;0.1337890625;-2.5;0.0;3.125;
1441975516284554;0.450439453125;-0.47698974609375;-0.59832763671875;-0.46002197265625;16.791603657773084;11.41620285671656;16.23831143798256;-0.94384765625;0.15185546875;0.13720703125;-2.4375;0.6875;3.5625;
1441975516293554;0.45013427734375;-0.47772216796875;-0.59906005859375;-0.45867919921875;16.781215564925844;11.451778784591829;16.276901526806334;-0.94189453125;0.14599609375;0.1484375;-1.5625;2.5;5.75;
1441975516316555;0.44970703125;-0.47821044921875;-0.6005859375;-0.45654296875;16.762540358495603;11.492057068146485;16.32517110146196;-0.9404296875;0.1474609375;0.1455078125;-1.9375;3.5;9.5;
1441975516337557;0.44940185546875;-0.47833251953125;-0.602783203125;-0.45379638671875;16.7388556245616;11.531308772523596;16.377541073487542;-0.93212890625;0.18212890625;0.13525390625;-7.125;2.0625;11.8125;
1441975516353557;0.44927978515625;-0.4783935546875;-0.6053466796875;-0.450439453125;16.712616044840814;11.576300280218632;16.439191186533133;-0.93505859375;0.21240234375;0.13818359375;-12.25;1.5625;12.875;
1441975516377559;0.449462890625;-0.478271484375;-0.608154296875;-0.44659423828125;16.685940160549578;11.622890393761294;16.50598377024327;-0.92724609375;0.236328125;0.12646484375;-16.0625;2.0625;14.0;
1441975516397560;0.44976806640625;-0.4781494140625;-0.611083984375;-0.44244384765625;16.65824809091941;11.671580259315085;16.576479374901727;-0.92822265625;0.2509765625;0.1298828125;-19.375;3.125;14.3125;
1441975516413561;0.4503173828125;-0.47833251953125;-0.613525390625;-0.43829345703125;16.635181572219164;11.726633057125648;16.651755468221342;-0.919921875;0.2626953125;0.13525390625;-20.5;4.9375;14.6875;
1441975516436562;0.45098876953125;-0.478759765625;-0.61566162109375;-0.43408203125;16.614114388090375;11.78683032393899;16.731131752344098;-0.89990234375;0.23876953125;0.1552734375;-18.6875;9.3125;15.625;
1441975516457563;0.45159912109375;-0.47991943359375;-0.61761474609375;-0.42938232421875;16.590358809446272;11.865501000095708;16.827585585033066;-0.89794921875;0.2216796875;0.14794921875;-17.0;10.9375;16.75;
1441975516479565;0.45220947265625;-0.48095703125;-0.620361328125;-0.423583984375;16.556612495162558;11.949088882358218;16.934864052837227;-0.90478515625;0.24267578125;0.11474609375;-15.5;12.4375;19.0625;
1441975516496566;0.45330810546875;-0.48138427734375;-0.62408447265625;-0.41632080078125;16.515063921591366;12.032895040040682;17.052721069120302;-0.89599609375;0.29248046875;0.107421875;-21.5625;12.75;21.8125;
1441975516517567;0.45501708984375;-0.4810791015625;-0.62841796875;-0.408203125;16.471398872094866;12.108744285529308;17.170833339863492;-0.8876953125;0.32373046875;0.10595703125;-31.375;14.625;24.625;
1441975516539568;0.456787109375;-0.4805908203125;-0.63275146484375;-0.400146484375;16.42741384087244;12.175936610081045;17.28087445487607;-0.880859375;0.31884765625;0.10595703125;-39.125;16.0625;26.625;
1441975516556569;0.4583740234375;-0.4803466796875;-0.6368408203125;-0.3919677734375;16.380962553980325;12.244085761591062;17.390430952190837;-0.87353515625;0.30908203125;0.10888671875;-39.9375;16.0625;26.9375;
1441975516577570;0.4598388671875;-0.48077392578125;-0.6409912109375;-0.38287353515625;16.32560463056036;12.325192436394056;17.513624961181666;-0.8603515625;0.33349609375;0.09521484375;-38.125;16.0;26.875;
1441975516593571;0.4619140625;-0.480712890625;-0.645263671875;-0.37310791015625;16.270855345986444;12.402314089200097;17.638485639205484;-0.828125;0.3759765625;0.0625;-38.8125;17.9375;29.4375;
1441975516616573;0.46441650390625;-0.47998046875;-0.64996337890625;-0.36273193359375;16.214387953917015;12.469314329778976;17.75959720333534;-0.81494140625;0.373046875;0.03173828125;-44.875;18.6875;30.0625;
1441975516637574;0.467041015625;-0.4786376953125;-0.654541015625;-0.35272216796875;16.16210655034969;12.521529162425725;17.86680228138308;-0.802734375;0.38427734375;0.021484375;-51.0625;19.25;30.125;
1441975516659575;0.4688720703125;-0.4774169921875;-0.65887451171875;-0.34381103515625;16.10943402036553;12.558816682802167;17.9525961169475;-0.79296875;0.322265625;0.00390625;-51.8125;16.4375;31.0;
1441975516676576;0.46966552734375;-0.47735595703125;-0.66241455078125;-0.3358154296875;16.052983893368523;12.59902086849656;0.03005793572828709;-0.76171875;0.26611328125;0.021484375;-45.5;13.1875;32.625;
1441975516697577;0.4693603515625;-0.47906494140625;-0.6651611328125;-0.328369140625;15.98771260666999;12.651127884541424;0.10719836089100704;-0.7392578125;0.24560546875;0.02294921875;-34.25;11.375;35.0;
1441975516719578;0.46856689453125;-0.48162841796875;-0.66717529296875;-0.321533203125;15.921619389892358;12.706926239518408;0.18024977420849478;-0.73779296875;0.3046875;0.015625;-22.3125;10.9375;36.0625;
1441975516736579;0.467529296875;-0.4842529296875;-0.66888427734375;-0.3155517578125;15.859131194453166;12.75475243297985;0.24097488050888435;-0.72705078125;0.3193359375;-0.00244140625;-14.75;10.0625;35.1875;
1441975516757581;0.4666748046875;-0.4871826171875;-0.66973876953125;-0.3104248046875;15.80522407315746;12.80508449282429;0.29872220662650373;-0.71484375;0.32373046875;0.01416015625;-10.875;9.0;32.5;
1441975516779582;0.46600341796875;-0.489990234375;-0.669921875;-0.3065185546875;15.763148477837738;12.850837700167517;0.3470307080344697;-0.71923828125;0.32177734375;0.01513671875;-4.8125;10.0;28.75;
1441975516796583;0.46514892578125;-0.49298095703125;-0.6695556640625;-0.30389404296875;15.728958273453003;12.892492932063162;0.3845509478594531;-0.72705078125;0.2783203125;0.01318359375;-0.3125;9.6875;25.5625;
1441975516817584;0.46337890625;-0.49755859375;-0.668212890625;-0.30218505859375;15.690868251216655;12.944815292088158;0.4197692406829102;-0.669921875;0.22314453125;0.02978515625;6.625;8.3125;23.125;
1441975516840585;0.4619140625;-0.50323486328125;-0.66546630859375;-0.30108642578125;15.65937661583942;13.015371355299997;0.46480319458008373;-0.61279296875;0.25537109375;0.0537109375;19.625;9.9375;21.1875;
1441975516856586;0.461181640625;-0.507568359375;-0.66290283203125;-0.30059814453125;15.641698565449454;13.0725142207178;0.5010695028407703;-0.6083984375;0.2646484375;0.00732421875;28.3125;12.0;18.375;
1441975516877587;0.46044921875;-0.51141357421875;-0.66046142578125;-0.30059814453125;15.628575037772205;13.12133473733529;0.5292969130484557;-0.61669921875;0.20947265625;0.009765625;23.375;10.9375;14.625;
1441975516899589;0.45904541015625;-0.5164794921875;-0.65704345703125;-0.30145263671875;15.614399829771578;13.179848897760959;0.5562449981156069;-0.58203125;0.16259765625;0.02978515625;22.9375;10.0625;13.9375;
1441975516916590;0.4569091796875;-0.5233154296875;-0.652587890625;-0.302734375;15.593260095449217;13.254611994905492;0.5877465101741369;-0.5322265625;0.13720703125;0.0498046875;34.8125;11.5;14.375;
1441975516937591;0.45489501953125;-0.53033447265625;-0.648193359375;-0.3028564453125;15.56293166418566;13.335431450534422;0.6289628655804684;-0.49951171875;0.16455078125;0.04150390625;46.8125;12.875;15.3125;
1441975516959592;0.4541015625;-0.53497314453125;-0.64532470703125;-0.302001953125;15.53899402921574;13.395110669701621;0.6669686335248463;-0.5107421875;0.267578125;0.01806640625;43.4375;16.0;14.0625;
1441975516983594;0.4537353515625;-0.53778076171875;-0.64404296875;-0.30035400390625;15.515116998465206;13.432372688150917;0.6962618837229745;-0.55224609375;0.2333984375;0.00927734375;24.875;15.375;13.75;
1441975516998594;0.45257568359375;-0.54150390625;-0.64239501953125;-0.29901123046875;15.48473047957607;13.472854752570777;0.7218188860152829;-0.5380859375;0.18701171875;0.0546875;12.125;14.6875;16.1875;
1441975517019596;0.4515380859375;-0.54638671875;-0.639404296875;-0.29803466796875;15.456005614126596;13.531759693351546;0.7576675437297193;-0.56396484375;0.2099609375;0.056640625;18.875;14.125;18.8125;
1441975517035596;0.45159912109375;-0.55029296875;-0.6368408203125;-0.296142578125;15.430252551944047;13.589185206936465;0.8021094869830763;-0.67431640625;0.27685546875;0.01416015625;27.125;16.1875;17.0625;
1441975517058598;0.45294189453125;-0.55218505859375;-0.6351318359375;-0.29425048828125;15.419497817611367;13.632247299040795;0.8442372035633903;-0.830078125;0.37451171875;-0.02392578125;16.9375;18.875;13.875;
1441975517079599;0.45416259765625;-0.552734375;-0.6341552734375;-0.2935791015625;15.421770003111353;13.654424761162227;0.8674380827062977;-0.9267578125;0.35546875;-0.037109375;4.25;17.3125;10.4375;
1441975517095600;0.45391845703125;-0.5545654296875;-0.63238525390625;-0.294189453125;15.420520029190813;13.678692641344863;0.8785570268949068;-0.92724609375;0.24169921875;0.0146484375;2.25;12.5;11.3125;
1441975517118601;0.45245361328125;-0.55950927734375;-0.6280517578125;-0.29638671875;15.414988130474864;13.733299239676303;0.894934538705826;-0.9375;0.25;0.0625;16.6875;10.6875;13.0625;
1441975517139602;0.450927734375;-0.56512451171875;-0.62353515625;-0.29766845703125;15.398568415029828;13.796378031098538;0.919933972120559;-1.02490234375;0.29736328125;0.013671875;41.0625;10.5;14.8125;
1441975517155603;0.4501953125;-0.56854248046875;-0.62091064453125;-0.297607421875;15.382516130924445;13.837291876285336;0.9412180485232605;-1.1201171875;0.43603515625;-0.0576171875;40.1875;11.6875;14.1875;
1441975517178605;0.449951171875;-0.5699462890625;-0.6195068359375;-0.29827880859375;15.38252917339112;13.855072733117566;0.9479773111245473;-1.14013671875;0.4912109375;-0.06591796875;21.625;10.125;10.875;
1441975517199606;0.447998046875;-0.57232666015625;-0.6180419921875;-0.2996826171875;15.373475060445745;13.866581684163492;0.9383020157933963;-1.15576171875;0.37548828125;-0.021484375;12.375;6.0;11.8125;
1441975517215607;0.44488525390625;-0.5772705078125;-0.614990234375;-0.3011474609375;15.348626792396834;13.900833390520987;0.9356613727359657;-1.1328125;0.37109375;0.0419921875;22.9375;3.375;16.4375;
1441975517246609;0.442626953125;-0.58123779296875;-0.61285400390625;-0.30120849609375;15.32035989781937;13.930133455590862;0.9403659653118039;-1.169921875;0.4306640625;-0.06298828125;36.4375;1.75;21.6875;
1441975517259609;0.441650390625;-0.5826416015625;-0.61285400390625;-0.29986572265625;15.29652526586853;13.936668411172965;0.9440958029056932;-1.1923828125;0.4541015625;-0.125;23.25;1.6875;22.625;
1441975517275610;0.44012451171875;-0.5845947265625;-0.6121826171875;-0.2996826171875;15.277605760069642;13.94566798013185;0.9415589024317872;-1.15771484375;0.45263671875;-0.06591796875;3.4375;4.8125;19.6875;
1441975517298612;0.4371337890625;-0.58831787109375;-0.6104736328125;-0.30029296875;15.249883998930262;13.963254953411528;0.9326978472289116;-1.11865234375;0.4345703125;-0.0234375;12.75;4.5;18.0625;
1441975517319613;0.433837890625;-0.593994140625;-0.60748291015625;-0.300048828125;15.206214517043474;14.003813300293992;0.9389855359435273;-1.02099609375;0.44775390625;0.00146484375;27.625;3.75;19.125;
1441975517335614;0.43145751953125;-0.59918212890625;-0.604736328125;-0.29864501953125;15.160141113622782;14.047081931219006;0.9562989541467822;-0.958984375;0.48828125;-0.09228515625;34.8125;6.4375;21.5625;
1441975517358615;0.42962646484375;-0.6033935546875;-0.6026611328125;-0.296875;15.117603695405032;14.082329316845167;0.9731278101622725;-0.95068359375;0.49462890625;-0.15673828125;26.125;8.375;21.875;
1441975517379616;0.427978515625;-0.60699462890625;-0.60064697265625;-0.29620361328125;15.088088217290109;14.11148098265371;0.9829630714815505;-0.99951171875;0.54443359375;-0.1044921875;20.625;12.5625;18.75;
1441975517395617;0.42572021484375;-0.61102294921875;-0.59765625;-0.297119140625;15.068136084545205;14.143736382477664;0.9851582457365131;-1.068359375;0.5400390625;-0.109375;20.8125;8.6875;16.0;
1441975517426619;0.42333984375;-0.61669921875;-0.59368896484375;-0.29681396484375;15.030418375889129;14.19470064039156;1.00162657880625;-1.08056640625;0.4833984375;-0.09228515625;30.8125;5.9375;16.0625;
1441975517439620;0.4224853515625;-0.62139892578125;-0.59014892578125;-0.2952880859375;14.994605557660076;14.247193955940494;1.031897603731759;-1.0322265625;0.5146484375;-0.162109375;35.625;10.6875;19.75;
1441975517455621;0.42144775390625;-0.62579345703125;-0.58648681640625;-0.2947998046875;14.968010044590397;14.295263647639953;1.0545739382804706;-1.02197265625;0.4873046875;-0.216796875;23.375;15.0;18.75;
1441975517478622;0.41937255859375;-0.63140869140625;-0.58209228515625;-0.2945556640625;14.932473342764098;14.348675897256351;1.072997953425721;-1.04541015625;0.47412109375;-0.171875;27.0625;14.3125;16.875;
1441975517499623;0.41796875;-0.63623046875;-0.57818603515625;-0.29376220703125;14.898780857686873;14.39805212119282;1.0947826340957851;-1.0361328125;0.52880859375;-0.18798828125;36.5;13.4375;17.875;
1441975517515624;0.41680908203125;-0.640380859375;-0.57476806640625;-0.29296875;14.86885209198632;14.440867691605682;1.1141301406099837;-1.0224609375;0.53076171875;-0.21630859375;29.375;14.125;15.875;
1441975517546626;0.41595458984375;-0.64434814453125;-0.5716552734375;-0.29168701171875;14.836409348467894;14.48213243205257;1.1357109390625153;-1.04296875;0.54296875;-0.20703125;25.25;14.125;14.5625;
1441975517567627;0.415771484375;-0.6473388671875;-0.56915283203125;-0.2901611328125;14.809272342766457;14.517346034435969;1.1586604236833948;-1.02001953125;0.546875;-0.2216796875;21.9375;15.125;14.25;
1441975517575627;0.41595458984375;-0.64990234375;-0.566650390625;-0.2891845703125;14.790739775796837;14.551459032800265;1.1811871878286293;-1.00390625;0.5537109375;-0.2177734375;15.375;15.8125;10.5;
1441975517598629;0.4158935546875;-0.65252685546875;-0.5638427734375;-0.28875732421875;14.775686304942852;14.586057722561641;1.2007286301408302;-0.98486328125;0.541015625;-0.22607421875;14.3125;14.25;6.5;
1441975517619630;0.4154052734375;-0.65576171875;-0.56048583984375;-0.2886962890625;14.75891312676298;14.624805405704446;1.2185812427728382;-0.93359375;0.52490234375;-0.21337890625;17.8125;12.75;4.25;
1441975517635631;0.4151611328125;-0.65936279296875;-0.556640625;-0.28814697265625;14.737121981837092;14.670589599610262;1.243102805489525;-0.9091796875;0.5361328125;-0.2041015625;24.1875;12.875;4.125;
1441975517658632;0.416259765625;-0.6614990234375;-0.55389404296875;-0.28704833984375;14.723011492294034;14.70866263077726;1.2731805359366761;-0.908203125;0.58203125;-0.2529296875;25.0625;15.0625;1.8125;
1441975517679633;0.41839599609375;-0.6617431640625;-0.5521240234375;-0.286865234375;14.730924032374439;14.735665377122855;1.3010799085685258;-0.908203125;0.5927734375;-0.27734375;12.375;15.625;-3.4375;
1441975517696634;0.420166015625;-0.6619873046875;-0.54986572265625;-0.2879638671875;14.748929711739777;14.763791223113987;1.3237130980291243;-0.93359375;0.5263671875;-0.25341796875;3.125;11.8125;-9.0625;
1441975517718636;0.4215087890625;-0.66351318359375;-0.546630859375;-0.2886962890625;14.755082480741233;14.80322899603941;1.350757379996919;-0.93212890625;0.49462890625;-0.20947265625;9.75;9.75;-10.75;
1441975517739637;0.4237060546875;-0.664794921875;-0.54327392578125;-0.28875732421875;14.759704133542309;14.84802106981272;1.388079755713593;-0.8828125;0.5224609375;-0.2431640625;17.0625;11.9375;-10.3125;
1441975517755638;0.4261474609375;-0.665283203125;-0.541015625;-0.2884521484375;14.765266641633422;14.882343437127577;1.4223944862629077;-0.8427734375;0.4609375;-0.310546875;10.75;12.9375;-9.9375;
1441975517778639;0.42840576171875;-0.66546630859375;-0.53924560546875;-0.28790283203125;14.768996274690801;14.910678942765575;1.453275897035408;-0.8203125;0.451171875;-0.2998046875;3.1875;11.5;-10.4375;
1441975517800640;0.42999267578125;-0.66595458984375;-0.53759765625;-0.28741455078125;14.768584351174672;14.9353670122318;1.477783282511742;-0.830078125;0.48291015625;-0.28173828125;1.625;11.5625;-10.5625;
1441975517816641;0.43170166015625;-0.66766357421875;-0.53509521484375;-0.28570556640625;14.750441122136996;14.972636632266447;1.5127029578456623;-0.79833984375;0.49609375;-0.27294921875;3.75;9.875;-9.1875;
1441975517838642;0.4339599609375;-0.66949462890625;-0.53216552734375;-0.28338623046875;14.727598358609207;15.016706867282698;1.5562507327496602;-0.78125;0.505859375;-0.32763671875;6.3125;15.8125;-5.4375;
1441975517860644;0.43658447265625;-0.67083740234375;-0.52960205078125;-0.28106689453125;14.708141812355604;15.05754830080084;1.6002103151575597;-0.83740234375;0.498046875;-0.376953125;4.6875;19.875;-4.125;
1441975517875645;0.439453125;-0.6724853515625;-0.52667236328125;-0.2781982421875;14.681967241731568;15.10325220484993;1.6494089271449557;-0.8623046875;0.47412109375;-0.34716796875;1.8125;21.9375;-3.8125;
1441975517906646;0.44293212890625;-0.6739501953125;-0.52471923828125;-0.2725830078125;14.632748641230636;15.142518151627;1.7057269248642224;-0.853515625;0.447265625;-0.369140625;1.5625;25.375;-1.125;
1441975517921647;0.4468994140625;-0.67578125;-0.52374267578125;-0.26348876953125;14.550071499717486;15.17506361364996;1.7691687601773793;-0.79541015625;0.4619140625;-0.4150390625;-11.625;31.875;3.1875;
1441975517935648;0.45233154296875;-0.6793212890625;-0.52020263671875;-0.2518310546875;14.435726901936619;15.236668331599201;1.8611967751269425;-0.728515625;0.5439453125;-0.353515625;-19.875;47.9375;7.75;
1441975517958649;0.45684814453125;-0.68878173828125;-0.5087890625;-0.240966796875;14.282337230672544;15.364960943264387;1.9734361573835255;-0.74072265625;0.5244140625;-0.37744140625;-14.3125;71.5;12.4375;
1441975517981651;0.47119140625;-0.68310546875;-0.5113525390625;-0.2235107421875;14.192271086596527;15.385220584557905;2.1153756912552804;-0.890625;0.36669921875;-0.67919921875;24.625;83.5;32.5;
1441975517995651;0.486083984375;-0.66796875;-0.5244140625;-0.20623779296875;14.175178269159758;15.305920949469181;2.21953264089953;-0.97607421875;1.03955078125;-0.630859375;-86.625;86.6875;-41.3125;
1441975518018653;0.48291015625;-0.6546630859375;-0.5478515625;-0.19537353515625;14.170743908162933;15.073165929491747;2.122033463115682;-1.51708984375;0.7177734375;-0.6015625;-162.0;58.0;-28.4375;
1441975518041654;0.47625732421875;-0.66217041015625;-0.54437255859375;-0.19598388671875;14.10814437585452;15.087232791153555;2.0814919192664885;-1.57470703125;0.4873046875;0.740234375;-147.0625;-29.6875;42.625;
1441975518055655;0.46343994140625;-0.68267822265625;-0.5230712890625;-0.21343994140625;14.091908833105798;15.2504351379194;2.025325499692487;-0.67919921875;0.25732421875;-0.37451171875;37.9375;-9.9375;51.1875;
1441975518078656;0.45440673828125;-0.68499755859375;-0.52783203125;-0.21392822265625;14.059880903193601;15.18023859072883;1.9338243458488031;-0.96044921875;1.05029296875;-0.63671875;207.6875;-27.5625;20.5;
1441975518101657;0.4488525390625;-0.67779541015625;-0.54412841796875;-0.20758056640625;14.033861318068233;15.013349119094045;1.841219716580174;-1.0087890625;1.0185546875;-0.24560546875;16.8125;-27.1875;28.0;
1441975518123659;0.4423828125;-0.67498779296875;-0.552490234375;-0.20843505859375;14.037232763355611;14.916267020644955;1.7558379889993565;-1.24951171875;0.68896484375;-0.240234375;-89.1875;-27.3125;53.125;
1441975518137660;0.4364013671875;-0.67523193359375;-0.55560302734375;-0.21221923828125;14.048308202569698;14.86893887501561;1.6873444017291352;-1.2392578125;0.67724609375;-0.2587890625;-27.5;-35.8125;37.4375;
1441975518161661;0.43035888671875;-0.6729736328125;-0.56103515625;-0.21722412109375;14.08256285605642;14.796118732427104;1.6039718777863563;-1.21728515625;0.81005859375;-0.39599609375;6.3125;-37.375;20.0;
1441975518182662;0.4259033203125;-0.667236328125;-0.56829833984375;-0.22479248046875;14.16270948356197;14.70296624732995;1.5130215542056906;-1.119140625;0.76318359375;-0.3310546875;-6.75;-51.1875;11.5;
1441975518198663;0.4197998046875;-0.66278076171875;-0.57415771484375;-0.234375;14.243504136060315;14.612761694910489;1.4057899177972;-1.10791015625;0.5546875;-0.19677734375;-20.375;-59.6875;1.375;
1441975518221664;0.41162109375;-0.6617431640625;-0.57666015625;-0.24530029296875;14.306774239710702;14.5463464366645;1.2917785453261146;-1.10205078125;0.474609375;-0.1435546875;-3.625;-66.75;6.1875;
1441975518242666;0.40301513671875;-0.66558837890625;-0.57342529296875;-0.25665283203125;14.349018247087972;14.537130073026992;1.200640550526411;-1.02978515625;0.541015625;-0.14404296875;26.6875;-68.25;6.1875;
1441975518258666;0.3963623046875;-0.6689453125;-0.56854248046875;-0.26873779296875;14.411525133113996;14.545079621390489;1.1270511797040397;-0.9853515625;0.6318359375;-0.35107421875;59.3125;-63.75;2.3125;
1441975518281668;0.3902587890625;-0.6707763671875;-0.5648193359375;-0.28076171875;14.482872439615635;14.539077701550934;1.0497158710657455;-0.9931640625;0.55908203125;-0.46826171875;57.1875;-64.25;-7.6875;
1441975518302669;0.3861083984375;-0.66925048828125;-0.5655517578125;-0.28857421875;14.537649322246375;14.497334886703381;0.9788376719792277;-0.88330078125;0.4716796875;-0.4013671875;48.625;-64.9375;-10.875;
1441975518318670;0.3824462890625;-0.66571044921875;-0.56951904296875;-0.293701171875;14.57532003813121;14.426335190754443;0.9040141735811651;-0.89306640625;0.45703125;-0.28271484375;11.6875;-51.875;-4.625;
1441975518341671;0.37786865234375;-0.66363525390625;-0.57177734375;-0.2998046875;14.610163581944358;14.36785459554205;0.8265432703138172;-0.87548828125;0.4169921875;-0.18505859375;-11.0;-45.8125;4.6875;
1441975518362672;0.37261962890625;-0.6651611328125;-0.5692138671875;-0.3077392578125;14.64702450834912;14.355862823413844;0.7629075685191592;-0.880859375;0.43017578125;-0.12451171875;6.0625;-43.9375;4.5625;
1441975518378673;0.36602783203125;-0.6673583984375;-0.5662841796875;-0.3162841796875;14.678841789717733;14.341688531933027;0.6882234404522902;-0.91455078125;0.46044921875;-0.2265625;37.625;-42.0;-0.25;
1441975518401675;0.3594970703125;-0.6680908203125;-0.565673828125;-0.32330322265625;14.699552660726624;14.305014719650156;0.6071191167878487;-0.8583984375;0.5537109375;-0.189453125;47.1875;-45.5;-4.3125;
1441975518422676;0.35565185546875;-0.66485595703125;-0.56829833984375;-0.3294677734375;14.738396203822065;14.23625206197022;0.5261517689240751;-0.7607421875;0.70751953125;-0.17529296875;32.5;-47.5625;-10.9375;
1441975518438677;0.3551025390625;-0.65753173828125;-0.5733642578125;-0.33599853515625;14.810213929522064;14.1384784491294;0.444594720025726;-0.748046875;0.63037109375;-0.20751953125;-2.1875;-52.5;-17.25;
1441975518461678;0.353759765625;-0.65216064453125;-0.57489013671875;-0.34521484375;14.897077052773643;14.06369019759535;0.35933068618894665;-0.7470703125;0.48583984375;-0.14404296875;-30.125;-53.4375;-26.375;
1441975518482679;0.351318359375;-0.65069580078125;-0.5726318359375;-0.35400390625;14.965532351900965;14.033843090591013;0.2940947760494211;-0.69091796875;0.3818359375;-0.0400390625;-0.625;-50.0;-31.75;
1441975518498680;0.35028076171875;-0.64971923828125;-0.5699462890625;-0.3612060546875;15.02877591336239;14.020219097160938;0.2513221010772918;-0.64453125;0.466796875;-0.0537109375;27.5625;-38.1875;-33.25;
1441975518521681;0.3515625;-0.64501953125;-0.57049560546875;-0.367431640625;15.10482847631568;13.970625314347602;0.20309613498341425;-0.67529296875;0.52294921875;-0.17431640625;20.625;-33.25;-36.0625;
1441975518542683;0.352783203125;-0.63775634765625;-0.57403564453125;-0.37335205078125;15.178132127701474;13.878401830330898;0.12935256620516578;-0.72119140625;0.4140625;-0.20166015625;-12.1875;-38.1875;-34.6875;
1441975518557684;0.35186767578125;-0.632080078125;-0.57818603515625;-0.3773193359375;15.211370739108393;13.786312414601738;0.052038122299708375;-0.72412109375;0.2998046875;-0.109375;-29.875;-43.875;-25.875;
1441975518581685;0.3494873046875;-0.62908935546875;-0.58087158203125;-0.3804931640625;15.221102041584023;13.719613955342513;17.985758494973837;-0.63818359375;0.30078125;-0.048828125;-24.4375;-39.0625;-10.1875;
1441975518602686;0.34649658203125;-0.62933349609375;-0.5811767578125;-0.38238525390625;15.212307577275647;13.69702703071526;17.94888555233029;-0.5771484375;0.3583984375;-0.04638671875;-8.75;-32.6875;-5.6875;
1441975518618687;0.34564208984375;-0.627685546875;-0.583740234375;-0.38201904296875;15.200330317437476;13.663414713643663;17.92621558038608;-0.5576171875;0.4755859375;-0.14013671875;6.5;-24.125;-5.4375;
1441975518641688;0.3458251953125;-0.6243896484375;-0.58697509765625;-0.3822021484375;15.203091624017222;13.61509910688632;17.897200763747158;-0.60888671875;0.5400390625;-0.146484375;-17.3125;-18.4375;-6.9375;
1441975518662690;0.34332275390625;-0.62237548828125;-0.58929443359375;-0.38409423828125;15.197249238021877;13.563564401616159;17.845451713906584;-0.576171875;0.46875;-0.1025390625;-25.4375;-19.125;-10.8125;
1441975518678690;0.3345947265625;-0.6278076171875;-0.5888671875;-0.38372802734375;15.11379050776855;13.571718563990812;17.811109834542073;-0.5869140625;0.3916015625;0.02685546875;-4.75;-22.125;-1.3125;
1441975518707692;0.32391357421875;-0.63616943359375;-0.58734130859375;-0.38140869140625;14.996418893432566;13.609845644761618;17.794332892912617;-0.5244140625;0.58251953125;-0.033203125;37.875;-17.0;23.875;
1441975518722693;0.3140869140625;-0.64288330078125;-0.587646484375;-0.37799072265625;14.87618937384741;13.631191240912383;17.776592729151336;-0.43115234375;0.642578125;-0.1103515625;49.625;-12.3125;35.125;
1441975518738694;0.3031005859375;-0.64776611328125;-0.59014892578125;-0.37451171875;14.745148418778392;13.622165489665413;17.73680802777232;-0.45703125;0.62890625;-0.13134765625;33.0625;-13.4375;39.375;
1441975518761695;0.29107666015625;-0.65228271484375;-0.59405517578125;-0.37005615234375;14.59510260733544;13.604168251114809;17.692740325199882;-0.53662109375;0.5947265625;-0.0673828125;23.25;-21.25;51.375;
1441975518782696;0.27728271484375;-0.65765380859375;-0.59796142578125;-0.36474609375;14.422987259133151;13.592138545043444;17.648716915679117;-0.5654296875;0.51416015625;-0.01025390625;19.125;-21.0;68.25;
1441975518797697;0.26153564453125;-0.66412353515625;-0.60150146484375;-0.35888671875;14.230409354473075;13.58835615626673;17.60353800706878;-0.5703125;0.51025390625;0.0322265625;26.0625;-19.6875;81.0;
1441975518820699;0.24444580078125;-0.671630859375;-0.604248046875;-0.352294921875;14.022680548665404;13.596800350079155;17.56220709546416;-0.54736328125;0.53662109375;0.0576171875;35.375;-19.9375;90.8125;
1441975518844700;0.228759765625;-0.67840576171875;-0.6065673828125;-0.345703125;13.829415990251164;13.60823804988284;17.52852134434897;-0.52099609375;0.595703125;0.03271484375;43.125;-19.8125;95.8125;
1441975518858701;0.214599609375;-0.6842041015625;-0.60888671875;-0.33935546875;13.652234126476166;13.617778862171523;17.499557581208713;-0.49072265625;0.54541015625;0.00732421875;38.25;-17.25;91.6875;
1441975518880702;0.20196533203125;-0.68853759765625;-0.611328125;-0.33392333984375;13.49670829112627;13.620067229980815;17.470037383833315;-0.47607421875;0.49951171875;-9.765625E-4;32.0;-15.375;86.8125;
1441975518903703;0.19085693359375;-0.69183349609375;-0.61419677734375;-0.328369140625;13.35285245638471;13.61854108823604;17.446279066925715;-0.45263671875;0.4169921875;0.005859375;24.3125;-16.0;80.4375;
1441975518926705;0.1817626953125;-0.69500732421875;-0.6156005859375;-0.32415771484375;13.239925313007276;13.624283618946905;17.428136586503015;-0.41015625;0.39501953125;0.01416015625;16.5625;-12.6875;74.125;
1441975518940705;0.1761474609375;-0.69683837890625;-0.61566162109375;-0.32318115234375;13.18543900161372;13.627439150592046;17.409545677534005;-0.4052734375;0.404296875;-4.8828125E-4;18.875;-9.75;58.75;
1441975518963707;0.1746826171875;-0.69708251953125;-0.615234375;-0.3243408203125;13.183803322769997;13.625865985045124;17.397520750816494;-0.44921875;0.35205078125;-0.00146484375;16.5625;-11.9375;34.75;
1441975518978708;0.17724609375;-0.697265625;-0.6126708984375;-0.32733154296875;13.234467144644185;13.636022615921691;17.399078609464315;-0.52490234375;0.37744140625;-0.013671875;6.4375;-8.125;10.875;
1441975519000709;0.18353271484375;-0.696044921875;-0.6087646484375;-0.33367919921875;13.346408751683956;13.643033291810838;17.400598162306387;-0.66748046875;0.41015625;-0.08837890625;5.375;-2.5625;-10.3125;
1441975519031711;0.192626953125;-0.69207763671875;-0.6044921875;-0.34442138671875;13.519710454399618;13.630285387448586;17.38649232711559;-0.80419921875;0.4013671875;-0.11865234375;1.0;-5.5625;-34.4375;
1441975519044711;0.20404052734375;-0.68621826171875;-0.59912109375;-0.35858154296875;13.744089102406289;13.605914976619827;17.360945886908674;-0.85986328125;0.3466796875;-0.07763671875;-5.875;-15.875;-60.75;
1441975519060712;0.21600341796875;-0.6795654296875;-0.59423828125;-0.3721923828125;13.96839419285483;13.57447675977733;17.33543120191713;-0.85498046875;0.306640625;-0.02734375;-6.8125;-22.125;-86.625;
1441975519083714;0.23046875;-0.671630859375;-0.58917236328125;-0.3857421875;14.215054394679372;13.538667713191987;17.31683531047434;-0.87353515625;0.24658203125;0.01123046875;-12.0625;-20.0;-105.1875;
1441975519104715;0.2464599609375;-0.66363525390625;-0.58245849609375;-0.399658203125;14.482998423300458;13.510789561992594;17.304703260892563;-0.8662109375;0.20751953125;0.03564453125;-21.0625;-13.5625;-117.0;
1441975519120716;0.26300048828125;-0.65576171875;-0.5732421875;-0.4151611328125;14.776696716769539;13.490480104767444;17.28897165420125;-0.8984375;0.1318359375;0.0224609375;-17.8125;-8.0625;-126.75;
1441975519144717;0.2789306640625;-0.64837646484375;-0.56231689453125;-0.43096923828125;15.074376313905393;13.47807678354052;17.27138009934854;-1.0048828125;0.0751953125;0.02978515625;-7.125;-8.4375;-138.8125;
1441975519164718;0.2950439453125;-0.64019775390625;-0.55096435546875;-0.44677734375;15.377959655503158;13.459362549086821;17.24877590978739;-1.0595703125;0.1064453125;0.0185546875;2.9375;-8.0625;-141.6875;
1441975519180719;0.311279296875;-0.6312255859375;-0.539306640625;-0.4625244140625;15.686084727248156;13.4311828298734;17.218327014483496;-1.07080078125;0.10107421875;9.765625E-4;1.125;-9.125;-145.4375;
1441975519203720;0.3271484375;-0.621826171875;-0.5263671875;-0.4788818359375;16.00320619043937;13.393475044277457;17.17256161970389;-1.07080078125;0.1005859375;-0.02099609375;-0.5;-10.1875;-148.5;
1441975519224722;0.3421630859375;-0.6124267578125;-0.51123046875;-0.49664306640625;16.333878195362995;13.341384156942388;17.099096603637413;-1.1044921875;0.09912109375;-0.03955078125;4.5;-12.8125;-154.1875;
1441975519248723;0.3563232421875;-0.60308837890625;-0.494140625;-0.51495361328125;16.671511877076547;13.266991235807486;16.992916476596104;-1.208984375;0.10400390625;-0.01708984375;17.4375;-16.0625;-162.0;
1441975519263724;0.3699951171875;-0.59307861328125;-0.4765625;-0.53314208984375;17.0080538462334;13.121159188190694;16.814304555823256;-1.3056640625;0.17431640625;-0.0244140625;27.9375;-16.875;-168.1875;
1441975519284725;0.38336181640625;-0.5819091796875;-0.45928955078125;-0.55096435546875;17.335293838165235;12.776556882384094;16.440809166429563;-1.31494140625;0.20556640625;-0.0439453125;28.875;-18.9375;-170.8125;
1441975519307726;0.395263671875;-0.57025146484375;-0.4407958984375;-0.56951904296875;17.63096130472208;11.733014129149796;15.359142715571199;-1.326171875;0.15869140625;-0.07861328125;24.8125;-23.4375;-170.875;
1441975519323727;0.40301513671875;-0.560546875;-0.4185791015625;-0.590087890625;17.729425046660957;8.612737038856483;12.16555596965971;-1.37890625;0.05322265625;-0.068359375;34.125;-29.0;-172.375;
1441975519344729;0.40771484375;-0.55169677734375;-0.394287109375;-0.61151123046875;17.503116738381827;6.6381090406818695;10.096635309262336;-1.3974609375;0.1025390625;-0.060546875;69.0;-31.125;-173.625;
1441975519360729;0.41241455078125;-0.54180908203125;-0.37060546875;-0.63177490234375;17.195540195400845;6.068164906689248;9.439302840543968;-1.36181640625;0.22509765625;-0.0693359375;90.4375;-34.0;-174.5;
1441975519383731;0.41778564453125;-0.529296875;-0.3482666015625;-0.6512451171875;16.860774764650714;5.866717004278222;9.164665966392821;-1.31298828125;0.263671875;-0.09326171875;83.125;-35.75;-174.375;
1441975519404732;0.4212646484375;-0.51556396484375;-0.3253173828125;-0.6715087890625;16.5122323763006;5.81153047336139;9.02821980018469;-1.32666015625;0.1103515625;-0.06640625;69.3125;-44.8125;-174.5625;
1441975519420733;0.42376708984375;-0.50189208984375;-0.30206298828125;-0.69091796875;16.170658694884743;5.795194585355889;8.927263933663586;-1.26953125;0.12109375;0.00537109375;77.375;-53.125;-176.5625;
1441975519443734;0.42706298828125;-0.48773193359375;-0.28057861328125;-0.70782470703125;15.84507013186131;5.786648134160807;8.848747400466582;-1.14013671875;0.15087890625;-0.00341796875;80.1875;-51.8125;-174.25;
1441975519464735;0.43060302734375;-0.4730224609375;-0.2608642578125;-0.72308349609375;15.532144859677555;5.789980306054326;8.793195359203745;-1.04638671875;0.16552734375;-0.01611328125;64.9375;-50.0;-167.0625;
1441975519480736;0.4320068359375;-0.4583740234375;-0.24163818359375;-0.73822021484375;15.230778016071334;5.819794934159627;8.757609565467025;-1.046875;0.06201171875;-0.02001953125;54.125;-51.75;-158.25;
1441975519503738;0.4295654296875;-0.4447021484375;-0.22161865234375;-0.75408935546875;14.94341102771568;5.879157456080983;8.730240372492961;-1.05615234375;-0.0400390625;0.01318359375;62.0;-55.875;-149.1875;
1441975519524739;0.42718505859375;-0.43133544921875;-0.20245361328125;-0.7684326171875;14.670585823864212;5.93097144744232;8.700021799959702;-0.98291015625;0.0517578125;0.00634765625;83.0625;-57.1875;-142.9375;
1441975519540740;0.427734375;-0.417724609375;-0.18621826171875;-0.7796630859375;14.416153636686483;5.956961475950932;8.671579804690394;-0.82421875;0.1416015625;-0.02685546875;76.8125;-54.0625;-136.75;
1441975519563741;0.42901611328125;-0.40478515625;-0.17254638671875;-0.7889404296875;14.187543738726824;5.976345483451527;8.650868082496148;-0.75244140625;0.09130859375;-0.02392578125;49.125;-51.5;-127.4375;
1441975519584742;0.425537109375;-0.39739990234375;-0.161865234375;-0.7967529296875;14.044375694922673;6.0186395413494935;8.637891292851315;-0.76904296875;-0.0263671875;0.01123046875;36.0625;-48.8125;-112.3125;
1441975519600743;0.4219970703125;-0.3917236328125;-0.15325927734375;-0.80316162109375;13.9333856206914;6.057054126814204;8.627820710376092;-0.7470703125;0.05029296875;-0.0107421875;51.5;-45.875;-97.5625;
1441975519631745;0.422119140625;-0.38555908203125;-0.14691162109375;-0.8072509765625;13.828434792094672;6.068347205441033;8.618697613456723;-0.662109375;0.17041015625;-0.04296875;43.6875;-40.375;-85.875;
1441975519644746;0.4246826171875;-0.3797607421875;-0.142578125;-0.80938720703125;13.737830396831754;6.06037004442528;8.610630145597417;-0.60107421875;0.15234375;-0.041015625;16.1875;-38.5625;-79.9375;
1441975519660747;0.42584228515625;-0.37640380859375;-0.13958740234375;-0.81085205078125;13.682852932209721;6.057665274291235;8.604274178981639;-0.58056640625;0.0693359375;0.00537109375;-4.0625;-32.75;-68.4375;
1441975519683748;0.4222412109375;-0.37640380859375;-0.13775634765625;-0.8131103515625;13.675083397684944;6.085421320105517;8.606425584364715;-0.603515625;-0.00439453125;0.01416015625;1.5;-24.5625;-49.9375;
1441975519712750;0.41583251953125;-0.37957763671875;-0.13848876953125;-0.81475830078125;13.719746958975556;6.129657432196522;8.619377217556123;-0.65087890625;0.025390625;-0.01171875;25.875;-20.25;-30.3125;
1441975519720750;0.4132080078125;-0.3837890625;-0.14251708984375;-0.81341552734375;13.79144728671554;6.144325915951386;8.634330756816015;-0.64404296875;0.2138671875;-0.07666015625;32.5;-15.5;-13.125;
1441975519743751;0.41217041015625;-0.388671875;-0.14794921875;-0.81072998046875;13.877126334673447;6.145982490950094;8.649235884356472;-0.5703125;0.26123046875;-0.08984375;0.5;-8.0625;-0.0625;
1441975519764753;0.4085693359375;-0.39697265625;-0.1551513671875;-0.80712890625;14.013543302513138;6.160120599717798;8.668865213395929;-0.537109375;0.13916015625;-0.0537109375;-10.75;-1.3125;13.5625;
1441975519780754;0.4068603515625;-0.408203125;-0.1658935546875;-0.80023193359375;14.20232461319371;6.153156670050653;8.689080294100647;-0.48486328125;0.20654296875;-0.06884765625;-3.375;10.9375;35.1875;
1441975519802755;0.40277099609375;-0.4205322265625;-0.177734375;-0.7933349609375;14.413351971216143;6.166246544631838;8.722090149379719;-0.48828125;0.228515625;-0.17919921875;-21.5625;19.8125;56.0;
1441975519826756;0.389892578125;-0.4376220703125;-0.1884765625;-0.78802490234375;14.678859668127952;6.242352975140561;8.768563189922116;-0.6044921875;0.16943359375;-0.13818359375;-12.4375;19.9375;69.25;
1441975519840757;0.38372802734375;-0.4580078125;-0.204345703125;-0.77545166015625;15.011931960249003;6.251980873674956;8.801011061373382;-0.50048828125;0.48876953125;-0.22900390625;34.5;28.8125;80.875;
1441975519862758;0.3824462890625;-0.4725341796875;-0.2216796875;-0.762451171875;15.288647518813049;6.246183920426271;8.852863920342534;-0.49169921875;0.57275390625;-0.46240234375;-15.9375;44.0;98.3125;
1441975519886760;0.374755859375;-0.49212646484375;-0.2410888671875;-0.74786376953125;15.64534921522277;6.29968598337063;8.94082852203901;-0.72216796875;0.33203125;-0.39599609375;-50.4375;49.4375;117.875;
1441975519900760;0.367919921875;-0.51434326171875;-0.26531982421875;-0.72784423828125;16.071618021619056;6.366071259980605;9.067219496718277;-0.96484375;0.61767578125;-0.29931640625;-26.75;64.25;152.0625;
1441975519923762;0.36083984375;-0.5377197265625;-0.292724609375;-0.70355224609375;16.543445465922716;6.4950835680252625;9.271889688055687;-1.32666015625;0.8251953125;-0.42529296875;-52.3125;78.625;179.0625;
1441975519946763;0.35040283203125;-0.56231689453125;-0.32012939453125;-0.67724609375;17.035905198770887;6.841606077435585;9.68268974962622;-1.6669921875;0.8994140625;-0.3212890625;-68.4375;89.9375;201.0;
1441975519960764;0.3394775390625;-0.586669921875;-0.35760498046875;-0.64251708984375;17.52413288919455;8.421248784724202;11.377043264616004;-2.12841796875;1.103515625;-0.2978515625;-55.5625;106.25;237.75;
1441975519982765;0.31976318359375;-0.611572265625;-0.3988037109375;-0.60394287109375;17.356250966074874;12.246170763917966;15.30516923894878;-2.70556640625;0.4052734375;-0.09375;-103.625;111.1875;293.5;
1441975520006766;0.27703857421875;-0.649658203125;-0.427001953125;-0.56475830078125;16.600234508747967;13.470671623211839;16.480911405396597;-2.9794921875;-0.4765625;0.42333984375;-90.0625;100.9375;346.375;
1441975520027768;0.22198486328125;-0.69317626953125;-0.45111083984375;-0.5166015625;15.639604722535694;13.926439065001745;16.835506084142573;-3.015625;-0.62353515625;0.37255859375;64.3125;120.0625;407.5625;
1441975520042768;0.177001953125;-0.71942138671875;-0.49664306640625;-0.45233154296875;14.574284500905977;13.99935693003838;16.988832159112846;-2.82568359375;0.55322265625;0.0703125;118.875;147.625;471.6875;
1441975520066770;0.15936279296875;-0.7076416015625;-0.57379150390625;-0.38037109375;13.615057799901965;13.716193691629972;17.113588613946902;-3.07080078125;1.72998046875;-0.1962890625;-61.8125;159.5625;515.125;
1441975520087771;0.14556884765625;-0.6749267578125;-0.65069580078125;-0.31610107421875;12.803238331921513;13.330389289856948;17.208484913865128;-3.7666015625;0.95849609375;-0.01953125;-381.125;138.25;467.9375;
1441975520102772;0.12200927734375;-0.6630859375;-0.6871337890625;-0.27093505859375;12.179707925591515;13.192756230598988;17.28299698776744;-3.2626953125;-0.0654296875;0.53076171875;-450.5;74.0;407.375;
1441975520126773;0.08282470703125;-0.6849365234375;-0.6817626953125;-0.24346923828125;11.651433988297718;13.346009667248724;17.293321666369412;-3.16650390625;-1.38232421875;0.0693359375;-180.5;35.25;316.125;
1441975520147774;0.04473876953125;-0.70941162109375;-0.669677734375;-0.21533203125;11.143230804958764;13.532097588561985;17.300908105929246;-2.80859375;-1.26611328125;0.0205078125;148.0625;-12.5625;264.25;
